,Feature 1,Feature 2,Accuracy 1,Accuracy 2,Accuracy 3,Average Accuracy
181,src_bytes,same_srv_rate,0.7114427860696517,0.7114427860696517,0.6915422885572139,0.704809286898839
179,src_bytes,rerror_rate,0.7263681592039801,0.6517412935323383,0.7213930348258707,0.6998341625207297
183,src_bytes,srv_diff_host_rate,0.7114427860696517,0.7114427860696517,0.6616915422885572,0.6948590381426202
83,service,dst_bytes,0.7114427860696517,0.6417910447761194,0.7114427860696517,0.6882255389718077
192,src_bytes,dst_host_rerror_rate,0.6965174129353234,0.7213930348258707,0.6417910447761194,0.6865671641791046
770,same_srv_rate,diff_srv_rate,0.7263681592039801,0.6467661691542289,0.681592039800995,0.6849087893864013
44,protocol_type,dst_bytes,0.6716417910447762,0.6766169154228856,0.7064676616915423,0.6849087893864013
187,src_bytes,dst_host_diff_srv_rate,0.7064676616915423,0.6965174129353234,0.6517412935323383,0.6849087893864013
81,service,flag,0.736318407960199,0.6517412935323383,0.6567164179104478,0.681592039800995
186,src_bytes,dst_host_same_srv_rate,0.6517412935323383,0.6915422885572139,0.6965174129353234,0.6799336650082918
167,src_bytes,su_attempted,0.6517412935323383,0.6965174129353234,0.6915422885572139,0.6799336650082918
120,flag,src_bytes,0.6766169154228856,0.6616915422885572,0.6965174129353234,0.6782752902155887
189,src_bytes,dst_host_srv_diff_host_rate,0.6716417910447762,0.7014925373134329,0.6567164179104478,0.6766169154228856
776,same_srv_rate,dst_host_same_src_port_rate,0.6567164179104478,0.6915422885572139,0.6766169154228856,0.6749585406301825
85,service,wrong_fragment,0.6616915422885572,0.6915422885572139,0.6716417910447762,0.6749585406301825
180,src_bytes,srv_rerror_rate,0.6915422885572139,0.6666666666666666,0.6616915422885572,0.6733001658374792
156,flag,dst_host_srv_rerror_rate,0.6616915422885572,0.6467661691542289,0.7014925373134329,0.669983416252073
188,src_bytes,dst_host_same_src_port_rate,0.6666666666666666,0.6666666666666666,0.6766169154228856,0.669983416252073
168,src_bytes,num_root,0.6517412935323383,0.681592039800995,0.6766169154228856,0.669983416252073
172,src_bytes,num_outbound_cmds,0.6965174129353234,0.6268656716417911,0.6865671641791045,0.669983416252073
145,flag,diff_srv_rate,0.6666666666666666,0.6865671641791045,0.6467661691542289,0.6666666666666666
182,src_bytes,diff_srv_rate,0.736318407960199,0.6318407960199005,0.6318407960199005,0.6666666666666666
775,same_srv_rate,dst_host_diff_srv_rate,0.6517412935323383,0.6517412935323383,0.6865671641791045,0.6633499170812603
163,src_bytes,num_failed_logins,0.6766169154228856,0.6467661691542289,0.6666666666666666,0.6633499170812603
150,flag,dst_host_diff_srv_rate,0.6865671641791045,0.6467661691542289,0.6517412935323383,0.6616915422885573
194,src_bytes,??,0.6965174129353234,0.6567164179104478,0.6268656716417911,0.6600331674958541
174,src_bytes,is_guest_login,0.6517412935323383,0.681592039800995,0.6467661691542289,0.6600331674958541
158,src_bytes,dst_bytes,0.681592039800995,0.6069651741293532,0.6915422885572139,0.6600331674958541
252,land,same_srv_rate,0.6915422885572139,0.6517412935323383,0.6368159203980099,0.6600331674958541
3,duration,src_bytes,0.736318407960199,0.6069651741293532,0.6368159203980099,0.6600331674958541
208,dst_bytes,num_outbound_cmds,0.6119402985074627,0.6965174129353234,0.6666666666666666,0.6583747927031509
230,dst_bytes,??,0.6467661691542289,0.6467661691542289,0.681592039800995,0.6583747927031509
751,rerror_rate,dst_host_serror_rate,0.6119402985074627,0.681592039800995,0.6766169154228856,0.6567164179104478
164,src_bytes,logged_in,0.6666666666666666,0.6169154228855721,0.6865671641791045,0.6567164179104478
133,flag,num_shells,0.6865671641791045,0.6666666666666666,0.6169154228855721,0.6567164179104478
155,flag,dst_host_rerror_rate,0.6268656716417911,0.7164179104477612,0.6218905472636815,0.6550580431177445
637,is_host_login,same_srv_rate,0.6915422885572139,0.6417910447761194,0.6268656716417911,0.6533996683250415
778,same_srv_rate,dst_host_serror_rate,0.6169154228855721,0.6567164179104478,0.6865671641791045,0.6533996683250415
127,flag,logged_in,0.7014925373134329,0.6368159203980099,0.6218905472636815,0.6533996683250415
131,flag,num_root,0.6268656716417911,0.6268656716417911,0.7064676616915423,0.6533996683250415
135,flag,num_outbound_cmds,0.6716417910447762,0.6467661691542289,0.6417910447761194,0.6533996683250415
160,src_bytes,wrong_fragment,0.6666666666666666,0.6915422885572139,0.6019900497512438,0.6533996683250415
2,duration,flag,0.6666666666666666,0.6119402985074627,0.6766169154228856,0.6517412935323383
169,src_bytes,num_file_creations,0.6318407960199005,0.681592039800995,0.6368159203980099,0.6500829187396352
42,protocol_type,flag,0.6218905472636815,0.6517412935323383,0.6766169154228856,0.6500829187396352
159,src_bytes,land,0.6616915422885572,0.6567164179104478,0.6318407960199005,0.6500829187396352
121,flag,dst_bytes,0.6567164179104478,0.6616915422885572,0.6318407960199005,0.6500829187396352
722,serror_rate,dst_host_rerror_rate,0.6915422885572139,0.6169154228855721,0.6417910447761194,0.6500829187396352
87,service,hot,0.6517412935323383,0.6517412935323383,0.6467661691542289,0.6500829187396352
853,dst_host_serror_rate,dst_host_srv_rerror_rate,0.6915422885572139,0.5970149253731343,0.6616915422885572,0.6500829187396351
694,srv_count,same_srv_rate,0.6766169154228856,0.6567164179104478,0.6119402985074627,0.648424543946932
765,srv_rerror_rate,dst_host_serror_rate,0.6616915422885572,0.6467661691542289,0.6368159203980099,0.648424543946932
211,dst_bytes,count,0.6318407960199005,0.6915422885572139,0.6218905472636815,0.6484245439469319
152,flag,dst_host_srv_diff_host_rate,0.6666666666666666,0.6368159203980099,0.6417910447761194,0.6484245439469319
110,service,dst_host_srv_count,0.6268656716417911,0.6119402985074627,0.7014925373134329,0.6467661691542289
178,src_bytes,srv_serror_rate,0.6567164179104478,0.6318407960199005,0.6517412935323383,0.6467661691542289
382,num_failed_logins,same_srv_rate,0.6666666666666666,0.6318407960199005,0.6417910447761194,0.6467661691542288
185,src_bytes,dst_host_srv_count,0.6666666666666666,0.6218905472636815,0.6517412935323383,0.6467661691542288
165,src_bytes,num_compromised,0.6218905472636815,0.6368159203980099,0.681592039800995,0.6467661691542288
725,srv_serror_rate,rerror_rate,0.6069651741293532,0.6716417910447762,0.6567164179104478,0.6451077943615258
82,service,src_bytes,0.6467661691542289,0.6218905472636815,0.6666666666666666,0.6451077943615257
125,flag,hot,0.6666666666666666,0.6567164179104478,0.6119402985074627,0.6451077943615257
855,dst_host_srv_serror_rate,dst_host_rerror_rate,0.6368159203980099,0.6865671641791045,0.6119402985074627,0.6451077943615257
90,service,num_compromised,0.6218905472636815,0.6567164179104478,0.6517412935323383,0.6434494195688226
594,num_access_files,same_srv_rate,0.5970149253731343,0.6616915422885572,0.6716417910447762,0.6434494195688226
162,src_bytes,hot,0.6567164179104478,0.6368159203980099,0.6368159203980099,0.6434494195688225
94,service,num_file_creations,0.6766169154228856,0.6169154228855721,0.6318407960199005,0.6417910447761194
710,serror_rate,srv_rerror_rate,0.5970149253731343,0.6716417910447762,0.6567164179104478,0.6417910447761194
41,protocol_type,service,0.6716417910447762,0.572139303482587,0.681592039800995,0.6417910447761194
224,dst_bytes,dst_host_same_src_port_rate,0.681592039800995,0.6268656716417911,0.6169154228855721,0.6417910447761194
193,src_bytes,dst_host_srv_rerror_rate,0.681592039800995,0.6218905472636815,0.6218905472636815,0.6417910447761194
72,protocol_type,dst_host_same_srv_rate,0.6467661691542289,0.6368159203980099,0.6417910447761194,0.6417910447761194
151,flag,dst_host_same_src_port_rate,0.6417910447761194,0.5970149253731343,0.681592039800995,0.6401326699834162
123,flag,wrong_fragment,0.6915422885572139,0.6368159203980099,0.5920398009950248,0.6401326699834162
107,service,diff_srv_rate,0.6716417910447762,0.6517412935323383,0.5970149253731343,0.6401326699834162
137,flag,is_guest_login,0.6417910447761194,0.6368159203980099,0.6417910447761194,0.6401326699834162
112,service,dst_host_diff_srv_rate,0.6467661691542289,0.6517412935323383,0.6218905472636815,0.6401326699834162
67,protocol_type,same_srv_rate,0.6467661691542289,0.6766169154228856,0.5970149253731343,0.6401326699834162
113,service,dst_host_same_src_port_rate,0.6169154228855721,0.6616915422885572,0.6417910447761194,0.6401326699834162
173,src_bytes,is_host_login,0.6616915422885572,0.5920398009950248,0.6666666666666666,0.6401326699834162
711,serror_rate,same_srv_rate,0.6119402985074627,0.6467661691542289,0.6567164179104478,0.6384742951907132
27,duration,same_srv_rate,0.6467661691542289,0.6119402985074627,0.6567164179104478,0.6384742951907132
228,dst_bytes,dst_host_rerror_rate,0.6268656716417911,0.6318407960199005,0.6567164179104478,0.6384742951907132
191,src_bytes,dst_host_srv_serror_rate,0.6417910447761194,0.6567164179104478,0.6169154228855721,0.6384742951907131
723,serror_rate,dst_host_srv_rerror_rate,0.6318407960199005,0.6467661691542289,0.6368159203980099,0.6384742951907131
726,srv_serror_rate,srv_rerror_rate,0.6865671641791045,0.5870646766169154,0.6417910447761194,0.6384742951907131
175,src_bytes,count,0.5970149253731343,0.681592039800995,0.6318407960199005,0.63681592039801
223,dst_bytes,dst_host_diff_srv_rate,0.6218905472636815,0.6567164179104478,0.6318407960199005,0.63681592039801
122,flag,land,0.5970149253731343,0.6318407960199005,0.681592039800995,0.63681592039801
43,protocol_type,src_bytes,0.6368159203980099,0.6417910447761194,0.6318407960199005,0.63681592039801
124,flag,urgent,0.6915422885572139,0.6318407960199005,0.5870646766169154,0.6368159203980099
699,srv_count,dst_host_same_srv_rate,0.6865671641791045,0.6567164179104478,0.5671641791044776,0.6368159203980098
222,dst_bytes,dst_host_same_srv_rate,0.6467661691542289,0.6616915422885572,0.5970149253731343,0.6351575456053068
190,src_bytes,dst_host_serror_rate,0.6368159203980099,0.6268656716417911,0.6417910447761194,0.6351575456053068
106,service,same_srv_rate,0.6517412935323383,0.6268656716417911,0.6268656716417911,0.6351575456053068
739,srv_serror_rate,dst_host_srv_rerror_rate,0.6417910447761194,0.6467661691542289,0.6169154228855721,0.6351575456053068
416,logged_in,dst_host_srv_count,0.6218905472636815,0.6417910447761194,0.6417910447761194,0.6351575456053067
136,flag,is_host_login,0.6019900497512438,0.7014925373134329,0.5970149253731343,0.6334991708126037
98,service,is_host_login,0.6417910447761194,0.6417910447761194,0.6169154228855721,0.6334991708126037
166,src_bytes,root_shell,0.6119402985074627,0.6666666666666666,0.6218905472636815,0.6334991708126037
143,flag,srv_rerror_rate,0.6965174129353234,0.6517412935323383,0.5522388059701493,0.6334991708126037
147,flag,dst_host_count,0.6567164179104478,0.5970149253731343,0.6467661691542289,0.6334991708126037
148,flag,dst_host_srv_count,0.6368159203980099,0.6666666666666666,0.5970149253731343,0.6334991708126037
219,dst_bytes,srv_diff_host_rate,0.6467661691542289,0.6517412935323383,0.6019900497512438,0.6334991708126037
831,dst_host_same_srv_rate,dst_host_srv_rerror_rate,0.6567164179104478,0.6069651741293532,0.6368159203980099,0.6334991708126037
351,hot,same_srv_rate,0.6417910447761194,0.6517412935323383,0.6069651741293532,0.6334991708126037
210,dst_bytes,is_guest_login,0.6268656716417911,0.6119402985074627,0.6616915422885572,0.6334991708126037
161,src_bytes,urgent,0.6517412935323383,0.6268656716417911,0.6169154228855721,0.6318407960199005
201,dst_bytes,num_compromised,0.6766169154228856,0.6318407960199005,0.5870646766169154,0.6318407960199005
207,dst_bytes,num_access_files,0.6567164179104478,0.6268656716417911,0.6119402985074627,0.6318407960199005
286,wrong_fragment,same_srv_rate,0.6318407960199005,0.6069651741293532,0.6567164179104478,0.6318407960199005
154,flag,dst_host_srv_serror_rate,0.6318407960199005,0.6517412935323383,0.6119402985074627,0.6318407960199005
779,same_srv_rate,dst_host_srv_serror_rate,0.6616915422885572,0.6069651741293532,0.6268656716417911,0.6318407960199005
130,flag,su_attempted,0.6616915422885572,0.6417910447761194,0.5920398009950248,0.6318407960199005
441,num_compromised,same_srv_rate,0.6119402985074627,0.6368159203980099,0.6467661691542289,0.6318407960199005
830,dst_host_same_srv_rate,dst_host_rerror_rate,0.6965174129353234,0.5671641791044776,0.6318407960199005,0.6318407960199005
153,flag,dst_host_serror_rate,0.6417910447761194,0.6119402985074627,0.6368159203980099,0.6301824212271974
766,srv_rerror_rate,dst_host_srv_serror_rate,0.7064676616915423,0.582089552238806,0.6019900497512438,0.6301824212271974
218,dst_bytes,diff_srv_rate,0.6218905472636815,0.6517412935323383,0.6169154228855721,0.6301824212271973
144,flag,same_srv_rate,0.5970149253731343,0.6467661691542289,0.6467661691542289,0.6301824212271973
111,service,dst_host_same_srv_rate,0.6865671641791045,0.6218905472636815,0.582089552238806,0.6301824212271973
821,dst_host_srv_count,dst_host_srv_serror_rate,0.6567164179104478,0.6119402985074627,0.6218905472636815,0.6301824212271973
141,flag,srv_serror_rate,0.6218905472636815,0.6069651741293532,0.6567164179104478,0.6285240464344942
818,dst_host_srv_count,dst_host_same_src_port_rate,0.6616915422885572,0.5970149253731343,0.6268656716417911,0.6285240464344942
128,flag,num_compromised,0.6169154228855721,0.6567164179104478,0.6119402985074627,0.6285240464344942
782,same_srv_rate,??,0.6517412935323383,0.6268656716417911,0.6069651741293532,0.6285240464344942
771,same_srv_rate,srv_diff_host_rate,0.6069651741293532,0.5970149253731343,0.681592039800995,0.6285240464344942
206,dst_bytes,num_shells,0.582089552238806,0.6716417910447762,0.6318407960199005,0.6285240464344942
356,hot,dst_host_same_srv_rate,0.6417910447761194,0.6467661691542289,0.5970149253731343,0.6285240464344942
177,src_bytes,serror_rate,0.6069651741293532,0.6268656716417911,0.6467661691542289,0.6268656716417911
202,dst_bytes,root_shell,0.6368159203980099,0.6517412935323383,0.5920398009950248,0.6268656716417911
134,flag,num_access_files,0.6716417910447762,0.5920398009950248,0.6169154228855721,0.6268656716417911
681,count,dst_host_same_srv_rate,0.6218905472636815,0.6368159203980099,0.6218905472636815,0.626865671641791
220,dst_bytes,dst_host_count,0.6517412935323383,0.6567164179104478,0.5671641791044776,0.6252072968490879
142,flag,rerror_rate,0.5970149253731343,0.582089552238806,0.6965174129353234,0.6252072968490879
824,dst_host_srv_count,??,0.6567164179104478,0.6218905472636815,0.5970149253731343,0.6252072968490879
807,dst_host_count,dst_host_same_srv_rate,0.6865671641791045,0.5920398009950248,0.5970149253731343,0.6252072968490879
95,service,num_shells,0.6169154228855721,0.6467661691542289,0.6119402985074627,0.6252072968490879
522,num_root,same_srv_rate,0.6766169154228856,0.6069651741293532,0.5920398009950248,0.6252072968490879
547,num_file_creations,same_srv_rate,0.5920398009950248,0.6368159203980099,0.6467661691542289,0.6252072968490879
217,dst_bytes,same_srv_rate,0.6218905472636815,0.5970149253731343,0.6567164179104478,0.6252072968490879
203,dst_bytes,su_attempted,0.6268656716417911,0.6218905472636815,0.6218905472636815,0.6235489220563847
171,src_bytes,num_access_files,0.6318407960199005,0.6467661691542289,0.5920398009950248,0.6235489220563847
146,flag,srv_diff_host_rate,0.6517412935323383,0.6119402985074627,0.6069651741293532,0.6235489220563847
89,service,logged_in,0.6417910447761194,0.6169154228855721,0.6119402985074627,0.6235489220563847
119,service,??,0.6169154228855721,0.6368159203980099,0.6169154228855721,0.6235489220563847
88,service,num_failed_logins,0.6119402985074627,0.6218905472636815,0.6368159203980099,0.6235489220563847
760,srv_rerror_rate,dst_host_srv_count,0.6517412935323383,0.6119402985074627,0.6069651741293532,0.6235489220563847
99,service,is_guest_login,0.6368159203980099,0.6467661691542289,0.582089552238806,0.6218905472636816
571,num_shells,same_srv_rate,0.6268656716417911,0.6069651741293532,0.6318407960199005,0.6218905472636816
501,su_attempted,dst_host_same_srv_rate,0.6119402985074627,0.6169154228855721,0.6368159203980099,0.6218905472636816
772,same_srv_rate,dst_host_count,0.6368159203980099,0.6119402985074627,0.6169154228855721,0.6218905472636815
184,src_bytes,dst_host_count,0.6119402985074627,0.6218905472636815,0.6318407960199005,0.6218905472636815
96,service,num_access_files,0.6666666666666666,0.6218905472636815,0.5771144278606966,0.6218905472636815
773,same_srv_rate,dst_host_srv_count,0.6616915422885572,0.6069651741293532,0.5970149253731343,0.6218905472636815
599,num_access_files,dst_host_same_srv_rate,0.6019900497512438,0.6019900497512438,0.6567164179104478,0.6202321724709785
780,same_srv_rate,dst_host_rerror_rate,0.5920398009950248,0.6517412935323383,0.6169154228855721,0.6202321724709784
527,num_root,dst_host_same_srv_rate,0.5920398009950248,0.6517412935323383,0.6169154228855721,0.6202321724709784
257,land,dst_host_same_srv_rate,0.6019900497512438,0.6467661691542289,0.6119402985074627,0.6202321724709784
170,src_bytes,num_shells,0.6218905472636815,0.5970149253731343,0.6417910447761194,0.6202321724709784
126,flag,num_failed_logins,0.5970149253731343,0.6119402985074627,0.6467661691542289,0.6185737976782754
199,dst_bytes,num_failed_logins,0.6019900497512438,0.6218905472636815,0.6318407960199005,0.6185737976782754
738,srv_serror_rate,dst_host_rerror_rate,0.6766169154228856,0.6069651741293532,0.572139303482587,0.6185737976782754
797,srv_diff_host_rate,dst_host_same_srv_rate,0.6268656716417911,0.6318407960199005,0.5970149253731343,0.6185737976782754
742,rerror_rate,same_srv_rate,0.6218905472636815,0.5970149253731343,0.6368159203980099,0.6185737976782753
376,num_failed_logins,count,0.6268656716417911,0.6417910447761194,0.582089552238806,0.6169154228855721
467,root_shell,rerror_rate,0.5920398009950248,0.6467661691542289,0.6119402985074627,0.6169154228855721
290,wrong_fragment,dst_host_srv_count,0.6119402985074627,0.6368159203980099,0.6019900497512438,0.6169154228855721
747,rerror_rate,dst_host_same_srv_rate,0.6318407960199005,0.5920398009950248,0.6268656716417911,0.6169154228855721
129,flag,root_shell,0.6019900497512438,0.6169154228855721,0.6318407960199005,0.6169154228855721
108,service,srv_diff_host_rate,0.6119402985074627,0.5771144278606966,0.6616915422885572,0.6169154228855721
229,dst_bytes,dst_host_srv_rerror_rate,0.6666666666666666,0.5970149253731343,0.5870646766169154,0.6169154228855721
92,service,su_attempted,0.6616915422885572,0.6467661691542289,0.5422885572139303,0.6169154228855721
1,duration,service,0.6268656716417911,0.582089552238806,0.6368159203980099,0.6152570480928691
662,is_guest_login,dst_host_same_srv_rate,0.6169154228855721,0.5572139303482587,0.6716417910447762,0.615257048092869
195,dst_bytes,land,0.6019900497512438,0.6517412935323383,0.5920398009950248,0.615257048092869
212,dst_bytes,srv_count,0.6019900497512438,0.6616915422885572,0.582089552238806,0.615257048092869
412,logged_in,same_srv_rate,0.6318407960199005,0.6069651741293532,0.6069651741293532,0.615257048092869
100,service,count,0.6069651741293532,0.6119402985074627,0.6268656716417911,0.615257048092869
109,service,dst_host_count,0.6019900497512438,0.6169154228855721,0.6268656716417911,0.615257048092869
490,su_attempted,count,0.5771144278606966,0.6318407960199005,0.6318407960199005,0.6135986733001659
858,dst_host_rerror_rate,dst_host_srv_rerror_rate,0.6268656716417911,0.6467661691542289,0.5671641791044776,0.6135986733001658
324,urgent,dst_host_same_srv_rate,0.6019900497512438,0.6218905472636815,0.6169154228855721,0.6135986733001658
225,dst_bytes,dst_host_srv_diff_host_rate,0.5970149253731343,0.6069651741293532,0.6318407960199005,0.6119402985074628
833,dst_host_diff_srv_rate,dst_host_same_src_port_rate,0.6019900497512438,0.6019900497512438,0.6318407960199005,0.6119402985074628
71,protocol_type,dst_host_srv_count,0.6318407960199005,0.5920398009950248,0.6119402985074627,0.6119402985074627
819,dst_host_srv_count,dst_host_srv_diff_host_rate,0.572139303482587,0.6169154228855721,0.6467661691542289,0.6119402985074626
774,same_srv_rate,dst_host_same_srv_rate,0.6119402985074627,0.6666666666666666,0.5522388059701493,0.6102819237147595
4,duration,dst_bytes,0.6019900497512438,0.6019900497512438,0.6268656716417911,0.6102819237147595
856,dst_host_srv_serror_rate,dst_host_srv_rerror_rate,0.5870646766169154,0.582089552238806,0.6616915422885572,0.6102819237147595
781,same_srv_rate,dst_host_srv_rerror_rate,0.6119402985074627,0.5870646766169154,0.6318407960199005,0.6102819237147595
786,diff_srv_rate,dst_host_same_srv_rate,0.5870646766169154,0.6567164179104478,0.5870646766169154,0.6102819237147595
761,srv_rerror_rate,dst_host_same_srv_rate,0.6169154228855721,0.6218905472636815,0.5920398009950248,0.6102819237147594
440,num_compromised,srv_rerror_rate,0.5870646766169154,0.5920398009950248,0.6467661691542289,0.6086235489220564
331,urgent,dst_host_srv_rerror_rate,0.5970149253731343,0.5970149253731343,0.6318407960199005,0.6086235489220564
852,dst_host_serror_rate,dst_host_rerror_rate,0.6368159203980099,0.5671641791044776,0.6218905472636815,0.6086235489220564
806,dst_host_count,dst_host_srv_count,0.6218905472636815,0.5970149253731343,0.6069651741293532,0.6086235489220564
621,num_outbound_cmds,dst_host_same_srv_rate,0.5870646766169154,0.6218905472636815,0.6119402985074627,0.6069651741293532
407,logged_in,srv_count,0.6169154228855721,0.6069651741293532,0.5970149253731343,0.6069651741293532
657,is_guest_login,same_srv_rate,0.5920398009950248,0.6119402985074627,0.6169154228855721,0.6069651741293532
642,is_host_login,dst_host_same_srv_rate,0.5870646766169154,0.5920398009950248,0.6368159203980099,0.6053067993366501
215,dst_bytes,rerror_rate,0.5920398009950248,0.6169154228855721,0.6069651741293532,0.60530679933665
176,src_bytes,srv_count,0.6368159203980099,0.5572139303482587,0.6218905472636815,0.60530679933665
97,service,num_outbound_cmds,0.6616915422885572,0.5572139303482587,0.5970149253731343,0.60530679933665
816,dst_host_srv_count,dst_host_same_srv_rate,0.6119402985074627,0.6218905472636815,0.582089552238806,0.60530679933665
507,su_attempted,dst_host_rerror_rate,0.582089552238806,0.6417910447761194,0.5920398009950248,0.60530679933665
698,srv_count,dst_host_srv_count,0.5920398009950248,0.6069651741293532,0.6169154228855721,0.60530679933665
752,rerror_rate,dst_host_srv_serror_rate,0.6218905472636815,0.5522388059701493,0.6417910447761194,0.60530679933665
132,flag,num_file_creations,0.6318407960199005,0.6169154228855721,0.5621890547263682,0.603648424543947
685,count,dst_host_serror_rate,0.582089552238806,0.6218905472636815,0.6069651741293532,0.603648424543947
822,dst_host_srv_count,dst_host_rerror_rate,0.6517412935323383,0.572139303482587,0.5870646766169154,0.603648424543947
673,count,srv_serror_rate,0.5671641791044776,0.6517412935323383,0.5920398009950248,0.6036484245439468
387,num_failed_logins,dst_host_same_srv_rate,0.6119402985074627,0.6119402985074627,0.582089552238806,0.6019900497512438
641,is_host_login,dst_host_srv_count,0.5920398009950248,0.5870646766169154,0.6268656716417911,0.6019900497512438
826,dst_host_same_srv_rate,dst_host_same_src_port_rate,0.582089552238806,0.6169154228855721,0.6069651741293532,0.6019900497512438
117,service,dst_host_rerror_rate,0.6417910447761194,0.5323383084577115,0.6318407960199005,0.6019900497512438
631,is_host_login,count,0.5572139303482587,0.6616915422885572,0.5870646766169154,0.6019900497512437
655,is_guest_login,rerror_rate,0.5970149253731343,0.6019900497512438,0.6019900497512438,0.6003316749585407
756,srv_rerror_rate,same_srv_rate,0.6218905472636815,0.6069651741293532,0.572139303482587,0.6003316749585407
583,num_shells,dst_host_srv_rerror_rate,0.5572139303482587,0.582089552238806,0.6616915422885572,0.6003316749585407
149,flag,dst_host_same_srv_rate,0.6069651741293532,0.6069651741293532,0.5870646766169154,0.6003316749585407
93,service,num_root,0.582089552238806,0.5970149253731343,0.6169154228855721,0.5986733001658374
198,dst_bytes,hot,0.5920398009950248,0.6119402985074627,0.5920398009950248,0.5986733001658374
417,logged_in,dst_host_same_srv_rate,0.5920398009950248,0.582089552238806,0.6218905472636815,0.5986733001658374
140,flag,serror_rate,0.5970149253731343,0.5671641791044776,0.6318407960199005,0.5986733001658374
84,service,land,0.5920398009950248,0.6268656716417911,0.5771144278606966,0.5986733001658374
727,srv_serror_rate,same_srv_rate,0.6169154228855721,0.5323383084577115,0.6467661691542289,0.5986733001658374
684,count,dst_host_srv_diff_host_rate,0.5771144278606966,0.5870646766169154,0.6268656716417911,0.5970149253731344
197,dst_bytes,urgent,0.6019900497512438,0.6019900497512438,0.5870646766169154,0.5970149253731344
386,num_failed_logins,dst_host_srv_count,0.5373134328358209,0.6019900497512438,0.6517412935323383,0.5970149253731344
91,service,root_shell,0.6417910447761194,0.6069651741293532,0.5422885572139303,0.5970149253731343
516,num_root,count,0.5920398009950248,0.5323383084577115,0.6666666666666666,0.5970149253731343
216,dst_bytes,srv_rerror_rate,0.6169154228855721,0.5771144278606966,0.5970149253731343,0.5970149253731343
362,hot,dst_host_rerror_rate,0.5970149253731343,0.6119402985074627,0.582089552238806,0.5970149253731343
598,num_access_files,dst_host_srv_count,0.6019900497512438,0.6268656716417911,0.5572139303482587,0.5953565505804312
221,dst_bytes,dst_host_srv_count,0.5970149253731343,0.5572139303482587,0.6318407960199005,0.5953565505804312
676,count,same_srv_rate,0.6069651741293532,0.572139303482587,0.6069651741293532,0.5953565505804312
31,duration,dst_host_srv_count,0.6119402985074627,0.5970149253731343,0.5771144278606966,0.5953565505804311
496,su_attempted,same_srv_rate,0.6218905472636815,0.5920398009950248,0.572139303482587,0.5953565505804311
709,serror_rate,rerror_rate,0.5920398009950248,0.6318407960199005,0.5572139303482587,0.5936981757877281
138,flag,count,0.5572139303482587,0.6417910447761194,0.582089552238806,0.5936981757877281
678,count,srv_diff_host_rate,0.6019900497512438,0.5671641791044776,0.6119402985074627,0.593698175787728
263,land,dst_host_rerror_rate,0.5522388059701493,0.5920398009950248,0.6368159203980099,0.593698175787728
157,flag,??,0.5920398009950248,0.6169154228855721,0.572139303482587,0.593698175787728
474,root_shell,dst_host_same_srv_rate,0.5373134328358209,0.6318407960199005,0.6119402985074627,0.593698175787728
746,rerror_rate,dst_host_srv_count,0.5970149253731343,0.6218905472636815,0.5621890547263682,0.593698175787728
827,dst_host_same_srv_rate,dst_host_srv_diff_host_rate,0.5124378109452736,0.6567164179104478,0.6119402985074627,0.593698175787728
661,is_guest_login,dst_host_srv_count,0.5920398009950248,0.572139303482587,0.6119402985074627,0.5920398009950248
767,srv_rerror_rate,dst_host_rerror_rate,0.5671641791044776,0.6467661691542289,0.5621890547263682,0.5920398009950248
500,su_attempted,dst_host_srv_count,0.6069651741293532,0.6019900497512438,0.5671641791044776,0.5920398009950248
345,hot,count,0.5771144278606966,0.6417910447761194,0.5572139303482587,0.5920398009950248
439,num_compromised,rerror_rate,0.6169154228855721,0.5422885572139303,0.6169154228855721,0.5920398009950248
196,dst_bytes,wrong_fragment,0.5771144278606966,0.5870646766169154,0.6119402985074627,0.5920398009950248
204,dst_bytes,num_root,0.5621890547263682,0.6019900497512438,0.6119402985074627,0.5920398009950248
114,service,dst_host_srv_diff_host_rate,0.572139303482587,0.5970149253731343,0.6069651741293532,0.5920398009950248
319,urgent,same_srv_rate,0.6716417910447762,0.5621890547263682,0.5373134328358209,0.5903814262023218
481,root_shell,dst_host_srv_rerror_rate,0.572139303482587,0.582089552238806,0.6169154228855721,0.5903814262023217
469,root_shell,same_srv_rate,0.6218905472636815,0.5771144278606966,0.5671641791044776,0.5887230514096186
715,serror_rate,dst_host_srv_count,0.572139303482587,0.6218905472636815,0.572139303482587,0.5887230514096186
419,logged_in,dst_host_same_src_port_rate,0.572139303482587,0.5870646766169154,0.6069651741293532,0.5887230514096186
615,num_outbound_cmds,srv_rerror_rate,0.5671641791044776,0.6019900497512438,0.5970149253731343,0.5887230514096186
200,dst_bytes,logged_in,0.5870646766169154,0.5920398009950248,0.5870646766169154,0.5887230514096186
817,dst_host_srv_count,dst_host_diff_srv_rate,0.6119402985074627,0.5572139303482587,0.5970149253731343,0.5887230514096186
139,flag,srv_count,0.5870646766169154,0.6019900497512438,0.5771144278606966,0.5887230514096186
552,num_file_creations,dst_host_same_srv_rate,0.6169154228855721,0.5422885572139303,0.6069651741293532,0.5887230514096186
575,num_shells,dst_host_srv_count,0.6119402985074627,0.5223880597014925,0.6318407960199005,0.5887230514096186
50,protocol_type,logged_in,0.5771144278606966,0.6119402985074627,0.5771144278606966,0.5887230514096186
546,num_file_creations,srv_rerror_rate,0.5572139303482587,0.6268656716417911,0.5771144278606966,0.5870646766169155
687,count,dst_host_rerror_rate,0.582089552238806,0.5771144278606966,0.6019900497512438,0.5870646766169155
317,urgent,rerror_rate,0.6019900497512438,0.582089552238806,0.5771144278606966,0.5870646766169155
209,dst_bytes,is_host_login,0.5870646766169154,0.5572139303482587,0.6169154228855721,0.5870646766169153
616,num_outbound_cmds,same_srv_rate,0.6119402985074627,0.5223880597014925,0.6218905472636815,0.5854063018242123
101,service,srv_count,0.5024875621890548,0.6716417910447762,0.582089552238806,0.5854063018242123
592,num_access_files,rerror_rate,0.6019900497512438,0.5621890547263682,0.5920398009950248,0.5854063018242123
533,num_root,dst_host_rerror_rate,0.6218905472636815,0.5771144278606966,0.5522388059701493,0.5837479270315091
793,diff_srv_rate,dst_host_srv_rerror_rate,0.5771144278606966,0.6417910447761194,0.5323383084577115,0.5837479270315091
823,dst_host_srv_count,dst_host_srv_rerror_rate,0.6069651741293532,0.5671641791044776,0.5771144278606966,0.5837479270315091
656,is_guest_login,srv_rerror_rate,0.6318407960199005,0.582089552238806,0.5373134328358209,0.5837479270315091
796,srv_diff_host_rate,dst_host_srv_count,0.5771144278606966,0.5870646766169154,0.5870646766169154,0.5837479270315091
731,srv_serror_rate,dst_host_srv_count,0.6119402985074627,0.582089552238806,0.5572139303482587,0.5837479270315091
688,count,dst_host_srv_rerror_rate,0.5920398009950248,0.5472636815920398,0.6069651741293532,0.582089552238806
677,count,diff_srv_rate,0.6019900497512438,0.5472636815920398,0.5970149253731343,0.582089552238806
521,num_root,srv_rerror_rate,0.5870646766169154,0.5422885572139303,0.6169154228855721,0.582089552238806
832,dst_host_same_srv_rate,??,0.5572139303482587,0.5771144278606966,0.6119402985074627,0.582089552238806
39,duration,dst_host_srv_rerror_rate,0.572139303482587,0.5970149253731343,0.5771144278606966,0.582089552238806
635,is_host_login,rerror_rate,0.5472636815920398,0.5920398009950248,0.6069651741293532,0.582089552238806
473,root_shell,dst_host_srv_count,0.582089552238806,0.5373134328358209,0.6268656716417911,0.582089552238806
280,wrong_fragment,count,0.582089552238806,0.5970149253731343,0.5671641791044776,0.582089552238806
468,root_shell,srv_rerror_rate,0.5970149253731343,0.5323383084577115,0.6119402985074627,0.5804311774461028
825,dst_host_same_srv_rate,dst_host_diff_srv_rate,0.582089552238806,0.5970149253731343,0.5621890547263682,0.5804311774461028
559,num_file_creations,dst_host_srv_rerror_rate,0.5422885572139303,0.6368159203980099,0.5621890547263682,0.5804311774461028
792,diff_srv_rate,dst_host_rerror_rate,0.5621890547263682,0.6169154228855721,0.5621890547263682,0.5804311774461028
628,num_outbound_cmds,dst_host_srv_rerror_rate,0.6616915422885572,0.5671641791044776,0.5124378109452736,0.5804311774461028
291,wrong_fragment,dst_host_same_srv_rate,0.5373134328358209,0.6218905472636815,0.582089552238806,0.5804311774461027
672,count,serror_rate,0.5870646766169154,0.5870646766169154,0.5671641791044776,0.5804311774461027
452,num_compromised,dst_host_rerror_rate,0.6069651741293532,0.5920398009950248,0.5422885572139303,0.5804311774461027
446,num_compromised,dst_host_same_srv_rate,0.5970149253731343,0.5920398009950248,0.5522388059701493,0.5804311774461027
674,count,rerror_rate,0.5771144278606966,0.582089552238806,0.5771144278606966,0.5787728026533997
777,same_srv_rate,dst_host_srv_diff_host_rate,0.5771144278606966,0.5771144278606966,0.582089552238806,0.5787728026533997
551,num_file_creations,dst_host_srv_count,0.5870646766169154,0.582089552238806,0.5671641791044776,0.5787728026533996
651,is_guest_login,count,0.5771144278606966,0.6069651741293532,0.5472636815920398,0.5771144278606966
682,count,dst_host_diff_srv_rate,0.582089552238806,0.5671641791044776,0.582089552238806,0.5771144278606966
480,root_shell,dst_host_rerror_rate,0.5920398009950248,0.6069651741293532,0.5323383084577115,0.5771144278606966
610,num_outbound_cmds,count,0.5870646766169154,0.5970149253731343,0.5472636815920398,0.5771144278606964
748,rerror_rate,dst_host_diff_srv_rate,0.5422885572139303,0.5522388059701493,0.6318407960199005,0.5754560530679934
785,diff_srv_rate,dst_host_srv_count,0.6119402985074627,0.5522388059701493,0.5621890547263682,0.5754560530679934
743,rerror_rate,diff_srv_rate,0.572139303482587,0.5621890547263682,0.5920398009950248,0.5754560530679934
820,dst_host_srv_count,dst_host_serror_rate,0.6169154228855721,0.5621890547263682,0.5472636815920398,0.5754560530679934
256,land,dst_host_srv_count,0.5920398009950248,0.5671641791044776,0.5671641791044776,0.5754560530679934
61,protocol_type,count,0.6417910447761194,0.5472636815920398,0.5373134328358209,0.5754560530679933
355,hot,dst_host_srv_count,0.5870646766169154,0.5771144278606966,0.5572139303482587,0.5737976782752902
246,land,count,0.6119402985074627,0.5771144278606966,0.5323383084577115,0.5737976782752902
526,num_root,dst_host_srv_count,0.5970149253731343,0.5373134328358209,0.5870646766169154,0.5737976782752902
689,count,??,0.5970149253731343,0.5572139303482587,0.5671641791044776,0.5737976782752902
558,num_file_creations,dst_host_rerror_rate,0.5174129353233831,0.6069651741293532,0.5970149253731343,0.5737976782752902
679,count,dst_host_count,0.5970149253731343,0.5621890547263682,0.5621890547263682,0.5737976782752902
463,root_shell,count,0.5771144278606966,0.6218905472636815,0.5223880597014925,0.5737976782752902
768,srv_rerror_rate,dst_host_srv_rerror_rate,0.572139303482587,0.5522388059701493,0.5970149253731343,0.5737976782752902
576,num_shells,dst_host_same_srv_rate,0.5970149253731343,0.582089552238806,0.5373134328358209,0.5721393034825871
520,num_root,rerror_rate,0.5572139303482587,0.5422885572139303,0.6169154228855721,0.572139303482587
803,srv_diff_host_rate,dst_host_rerror_rate,0.6069651741293532,0.527363184079602,0.5771144278606966,0.570480928689884
804,srv_diff_host_rate,dst_host_srv_rerror_rate,0.582089552238806,0.5771144278606966,0.5522388059701493,0.570480928689884
588,num_access_files,count,0.6019900497512438,0.5621890547263682,0.5472636815920398,0.5704809286898839
541,num_file_creations,count,0.5024875621890548,0.6169154228855721,0.5920398009950248,0.5704809286898839
250,land,rerror_rate,0.5422885572139303,0.582089552238806,0.5870646766169154,0.5704809286898839
349,hot,rerror_rate,0.6119402985074627,0.5771144278606966,0.5223880597014925,0.5704809286898839
838,dst_host_diff_srv_rate,dst_host_srv_rerror_rate,0.5870646766169154,0.5223880597014925,0.6019900497512438,0.5704809286898839
435,num_compromised,count,0.5771144278606966,0.5870646766169154,0.5422885572139303,0.5688225538971808
606,num_access_files,dst_host_srv_rerror_rate,0.5373134328358209,0.6019900497512438,0.5671641791044776,0.5688225538971808
565,num_shells,count,0.5870646766169154,0.5870646766169154,0.5323383084577115,0.5688225538971808
669,is_guest_login,dst_host_srv_rerror_rate,0.5522388059701493,0.5970149253731343,0.5572139303482587,0.5688225538971808
313,urgent,count,0.582089552238806,0.5870646766169154,0.5373134328358209,0.5688225538971807
302,urgent,logged_in,0.572139303482587,0.572139303482587,0.5621890547263682,0.5688225538971807
363,hot,dst_host_srv_rerror_rate,0.5621890547263682,0.582089552238806,0.5621890547263682,0.5688225538971807
115,service,dst_host_serror_rate,0.5472636815920398,0.6417910447761194,0.5124378109452736,0.5671641791044776
675,count,srv_rerror_rate,0.5174129353233831,0.6069651741293532,0.5771144278606966,0.5671641791044776
393,num_failed_logins,dst_host_rerror_rate,0.5621890547263682,0.582089552238806,0.5572139303482587,0.5671641791044776
837,dst_host_diff_srv_rate,dst_host_rerror_rate,0.6119402985074627,0.5472636815920398,0.5422885572139303,0.5671641791044776
32,duration,dst_host_same_srv_rate,0.5522388059701493,0.5373134328358209,0.6069651741293532,0.5655058043117744
686,count,dst_host_srv_serror_rate,0.5422885572139303,0.5472636815920398,0.6069651741293532,0.5655058043117744
844,dst_host_same_src_port_rate,dst_host_srv_rerror_rate,0.5572139303482587,0.5970149253731343,0.5422885572139303,0.5655058043117744
86,service,urgent,0.6019900497512438,0.5422885572139303,0.5522388059701493,0.5655058043117744
680,count,dst_host_srv_count,0.5870646766169154,0.5522388059701493,0.5522388059701493,0.5638474295190713
323,urgent,dst_host_srv_count,0.5572139303482587,0.582089552238806,0.5522388059701493,0.5638474295190713
620,num_outbound_cmds,dst_host_srv_count,0.5323383084577115,0.5223880597014925,0.6368159203980099,0.5638474295190713
754,rerror_rate,dst_host_srv_rerror_rate,0.5522388059701493,0.5771144278606966,0.5572139303482587,0.5621890547263683
26,duration,srv_rerror_rate,0.5472636815920398,0.5870646766169154,0.5522388059701493,0.5621890547263682
758,srv_rerror_rate,srv_diff_host_rate,0.5522388059701493,0.5472636815920398,0.5870646766169154,0.5621890547263682
495,su_attempted,srv_rerror_rate,0.5572139303482587,0.5621890547263682,0.5671641791044776,0.562189054726368
494,su_attempted,rerror_rate,0.6169154228855721,0.5771144278606966,0.4925373134328358,0.562189054726368
508,su_attempted,dst_host_srv_rerror_rate,0.5621890547263682,0.5373134328358209,0.582089552238806,0.560530679933665
21,duration,count,0.5671641791044776,0.5671641791044776,0.5472636815920398,0.560530679933665
668,is_guest_login,dst_host_rerror_rate,0.5472636815920398,0.582089552238806,0.5522388059701493,0.560530679933665
764,srv_rerror_rate,dst_host_srv_diff_host_rate,0.5323383084577115,0.5870646766169154,0.5621890547263682,0.560530679933665
750,rerror_rate,dst_host_srv_diff_host_rate,0.4925373134328358,0.5970149253731343,0.5920398009950248,0.5605306799336649
381,num_failed_logins,srv_rerror_rate,0.5174129353233831,0.5771144278606966,0.582089552238806,0.5588723051409619
425,logged_in,??,0.6169154228855721,0.4975124378109453,0.5572139303482587,0.5572139303482587
330,urgent,dst_host_rerror_rate,0.5920398009950248,0.5373134328358209,0.5422885572139303,0.5572139303482587
70,protocol_type,dst_host_count,0.5870646766169154,0.527363184079602,0.5572139303482587,0.5572139303482587
763,srv_rerror_rate,dst_host_same_src_port_rate,0.5572139303482587,0.5024875621890548,0.6119402985074627,0.5572139303482587
848,dst_host_srv_diff_host_rate,dst_host_rerror_rate,0.5671641791044776,0.5223880597014925,0.582089552238806,0.5572139303482587
762,srv_rerror_rate,dst_host_diff_srv_rate,0.5572139303482587,0.5472636815920398,0.5621890547263682,0.5555555555555556
65,protocol_type,rerror_rate,0.582089552238806,0.6069651741293532,0.47761194029850745,0.5555555555555556
284,wrong_fragment,rerror_rate,0.5422885572139303,0.5621890547263682,0.5621890547263682,0.5555555555555556
400,logged_in,num_file_creations,0.46766169154228854,0.6318407960199005,0.5671641791044776,0.5555555555555555
285,wrong_fragment,srv_rerror_rate,0.527363184079602,0.527363184079602,0.6069651741293532,0.5538971807628524
534,num_root,dst_host_srv_rerror_rate,0.6019900497512438,0.5472636815920398,0.5124378109452736,0.5538971807628524
843,dst_host_same_src_port_rate,dst_host_rerror_rate,0.572139303482587,0.5522388059701493,0.5373134328358209,0.5538971807628524
404,logged_in,is_host_login,0.5572139303482587,0.5522388059701493,0.5522388059701493,0.5538971807628524
251,land,srv_rerror_rate,0.5870646766169154,0.48258706467661694,0.5920398009950248,0.5538971807628523
453,num_compromised,dst_host_srv_rerror_rate,0.5771144278606966,0.5124378109452736,0.5671641791044776,0.5522388059701493
593,num_access_files,srv_rerror_rate,0.6268656716417911,0.5323383084577115,0.4975124378109453,0.5522388059701493
749,rerror_rate,dst_host_same_src_port_rate,0.572139303482587,0.5422885572139303,0.5422885572139303,0.5522388059701492
636,is_host_login,srv_rerror_rate,0.5223880597014925,0.5472636815920398,0.5870646766169154,0.5522388059701492
418,logged_in,dst_host_diff_srv_rate,0.5771144278606966,0.5323383084577115,0.5422885572139303,0.5505804311774462
401,logged_in,num_shells,0.527363184079602,0.5522388059701493,0.572139303482587,0.5505804311774462
753,rerror_rate,dst_host_rerror_rate,0.5671641791044776,0.5422885572139303,0.5422885572139303,0.5505804311774462
264,land,dst_host_srv_rerror_rate,0.5124378109452736,0.5373134328358209,0.6019900497512438,0.5505804311774462
318,urgent,srv_rerror_rate,0.5920398009950248,0.5373134328358209,0.5223880597014925,0.5505804311774462
78,protocol_type,dst_host_rerror_rate,0.5970149253731343,0.5522388059701493,0.5024875621890548,0.5505804311774462
79,protocol_type,dst_host_srv_rerror_rate,0.4975124378109453,0.527363184079602,0.6218905472636815,0.5489220563847429
683,count,dst_host_same_src_port_rate,0.5174129353233831,0.5771144278606966,0.5522388059701493,0.5489220563847429
406,logged_in,count,0.5671641791044776,0.527363184079602,0.5522388059701493,0.5489220563847429
605,num_access_files,dst_host_rerror_rate,0.527363184079602,0.5920398009950248,0.527363184079602,0.5489220563847429
569,num_shells,rerror_rate,0.5621890547263682,0.4925373134328358,0.5920398009950248,0.5489220563847429
570,num_shells,srv_rerror_rate,0.582089552238806,0.5472636815920398,0.5174129353233831,0.5489220563847429
396,logged_in,num_compromised,0.47761194029850745,0.6019900497512438,0.5621890547263682,0.5472636815920399
103,service,srv_serror_rate,0.6019900497512438,0.527363184079602,0.5124378109452736,0.5472636815920399
398,logged_in,su_attempted,0.5671641791044776,0.5373134328358209,0.5373134328358209,0.5472636815920399
582,num_shells,dst_host_rerror_rate,0.5621890547263682,0.5373134328358209,0.5422885572139303,0.5472636815920398
394,num_failed_logins,dst_host_srv_rerror_rate,0.527363184079602,0.5671641791044776,0.5472636815920398,0.5472636815920398
849,dst_host_srv_diff_host_rate,dst_host_srv_rerror_rate,0.5174129353233831,0.5920398009950248,0.527363184079602,0.5456053067993366
445,num_compromised,dst_host_srv_count,0.5223880597014925,0.5522388059701493,0.5621890547263682,0.5456053067993366
744,rerror_rate,srv_diff_host_rate,0.5422885572139303,0.48756218905472637,0.6019900497512438,0.5439469320066336
402,logged_in,num_access_files,0.5323383084577115,0.5373134328358209,0.5621890547263682,0.5439469320066335
648,is_host_login,dst_host_rerror_rate,0.5422885572139303,0.5522388059701493,0.5373134328358209,0.5439469320066335
350,hot,srv_rerror_rate,0.4975124378109453,0.5621890547263682,0.572139303482587,0.5439469320066335
397,logged_in,root_shell,0.5323383084577115,0.5422885572139303,0.5522388059701493,0.5422885572139303
10,duration,logged_in,0.5870646766169154,0.5323383084577115,0.5024875621890548,0.5406301824212272
36,duration,dst_host_serror_rate,0.527363184079602,0.5323383084577115,0.5572139303482587,0.5389718076285241
614,num_outbound_cmds,rerror_rate,0.6019900497512438,0.4925373134328358,0.5223880597014925,0.538971807628524
205,dst_bytes,num_file_creations,0.5124378109452736,0.5223880597014925,0.582089552238806,0.538971807628524
316,urgent,srv_serror_rate,0.5771144278606966,0.5024875621890548,0.5323383084577115,0.537313432835821
545,num_file_creations,rerror_rate,0.527363184079602,0.5522388059701493,0.5323383084577115,0.537313432835821
649,is_host_login,dst_host_srv_rerror_rate,0.527363184079602,0.5621890547263682,0.5223880597014925,0.5373134328358209
298,wrong_fragment,dst_host_srv_rerror_rate,0.527363184079602,0.5373134328358209,0.5472636815920398,0.5373134328358209
399,logged_in,num_root,0.527363184079602,0.5223880597014925,0.5572139303482587,0.5356550580431177
365,num_failed_logins,logged_in,0.5174129353233831,0.5323383084577115,0.5572139303482587,0.5356550580431177
671,count,srv_count,0.5074626865671642,0.5572139303482587,0.5422885572139303,0.5356550580431177
791,diff_srv_rate,dst_host_srv_serror_rate,0.5671641791044776,0.5074626865671642,0.5323383084577115,0.5356550580431177
414,logged_in,srv_diff_host_rate,0.5323383084577115,0.5323383084577115,0.5422885572139303,0.5356550580431177
506,su_attempted,dst_host_srv_serror_rate,0.4925373134328358,0.5223880597014925,0.5920398009950248,0.5356550580431176
627,num_outbound_cmds,dst_host_rerror_rate,0.5323383084577115,0.572139303482587,0.4975124378109453,0.5339966832504146
261,land,dst_host_serror_rate,0.572139303482587,0.5024875621890548,0.527363184079602,0.5339966832504146
847,dst_host_srv_diff_host_rate,dst_host_srv_serror_rate,0.5074626865671642,0.5074626865671642,0.5870646766169154,0.5339966832504146
450,num_compromised,dst_host_serror_rate,0.5174129353233831,0.5472636815920398,0.5373134328358209,0.5339966832504145
841,dst_host_same_src_port_rate,dst_host_serror_rate,0.5522388059701493,0.5422885572139303,0.5024875621890548,0.5323383084577115
415,logged_in,dst_host_count,0.5223880597014925,0.5174129353233831,0.5572139303482587,0.5323383084577115
405,logged_in,is_guest_login,0.5472636815920398,0.5124378109452736,0.5373134328358209,0.5323383084577115
118,service,dst_host_srv_rerror_rate,0.5174129353233831,0.5223880597014925,0.5572139303482587,0.5323383084577115
438,num_compromised,srv_serror_rate,0.527363184079602,0.5074626865671642,0.5621890547263682,0.5323383084577115
235,land,logged_in,0.527363184079602,0.5621890547263682,0.5024875621890548,0.5306799336650083
380,num_failed_logins,rerror_rate,0.527363184079602,0.572139303482587,0.4925373134328358,0.5306799336650082
38,duration,dst_host_rerror_rate,0.5174129353233831,0.5223880597014925,0.5522388059701493,0.5306799336650082
612,num_outbound_cmds,serror_rate,0.5472636815920398,0.527363184079602,0.5124378109452736,0.5290215588723052
105,service,srv_rerror_rate,0.5174129353233831,0.5373134328358209,0.5323383084577115,0.5290215588723052
25,duration,rerror_rate,0.5771144278606966,0.47761194029850745,0.5323383084577115,0.5290215588723052
626,num_outbound_cmds,dst_host_srv_serror_rate,0.5074626865671642,0.572139303482587,0.5074626865671642,0.5290215588723052
408,logged_in,serror_rate,0.5223880597014925,0.5472636815920398,0.5174129353233831,0.5290215588723051
741,rerror_rate,srv_rerror_rate,0.5223880597014925,0.5024875621890548,0.5572139303482587,0.527363184079602
720,serror_rate,dst_host_serror_rate,0.527363184079602,0.4975124378109453,0.5572139303482587,0.527363184079602
728,srv_serror_rate,diff_srv_rate,0.527363184079602,0.5323383084577115,0.5223880597014925,0.527363184079602
403,logged_in,num_outbound_cmds,0.48756218905472637,0.582089552238806,0.5124378109452736,0.5273631840796019
102,service,serror_rate,0.5223880597014925,0.5124378109452736,0.5472636815920398,0.5273631840796019
733,srv_serror_rate,dst_host_diff_srv_rate,0.5223880597014925,0.5422885572139303,0.5174129353233831,0.5273631840796019
63,protocol_type,serror_rate,0.5323383084577115,0.5422885572139303,0.5024875621890548,0.5257048092868989
420,logged_in,dst_host_srv_diff_host_rate,0.5522388059701493,0.5124378109452736,0.5124378109452736,0.5257048092868989
437,num_compromised,serror_rate,0.527363184079602,0.5223880597014925,0.527363184079602,0.5257048092868989
77,protocol_type,dst_host_srv_serror_rate,0.5472636815920398,0.5323383084577115,0.4975124378109453,0.5257048092868989
737,srv_serror_rate,dst_host_srv_serror_rate,0.5024875621890548,0.5472636815920398,0.5223880597014925,0.5240464344941956
297,wrong_fragment,dst_host_rerror_rate,0.5373134328358209,0.5124378109452736,0.5223880597014925,0.5240464344941956
732,srv_serror_rate,dst_host_same_srv_rate,0.527363184079602,0.527363184079602,0.5124378109452736,0.5223880597014926
213,dst_bytes,serror_rate,0.48756218905472637,0.5124378109452736,0.5671641791044776,0.5223880597014925
410,logged_in,rerror_rate,0.4925373134328358,0.5074626865671642,0.5671641791044776,0.5223880597014925
568,num_shells,srv_serror_rate,0.5472636815920398,0.5223880597014925,0.4975124378109453,0.5223880597014925
424,logged_in,dst_host_srv_rerror_rate,0.5422885572139303,0.5024875621890548,0.5174129353233831,0.5207296849087893
697,srv_count,dst_host_count,0.48258706467661694,0.5472636815920398,0.527363184079602,0.5190713101160863
116,service,dst_host_srv_serror_rate,0.5024875621890548,0.5124378109452736,0.5422885572139303,0.5190713101160863
347,hot,serror_rate,0.5124378109452736,0.5572139303482587,0.48756218905472637,0.5190713101160862
591,num_access_files,srv_serror_rate,0.5124378109452736,0.5024875621890548,0.5373134328358209,0.5174129353233831
334,hot,logged_in,0.4527363184079602,0.5621890547263682,0.5373134328358209,0.5174129353233831
66,protocol_type,srv_rerror_rate,0.5522388059701493,0.48258706467661694,0.5124378109452736,0.51575456053068
64,protocol_type,srv_serror_rate,0.5373134328358209,0.4626865671641791,0.5472636815920398,0.5157545605306799
647,is_host_login,dst_host_srv_serror_rate,0.5124378109452736,0.5223880597014925,0.5124378109452736,0.5157545605306799
422,logged_in,dst_host_srv_serror_rate,0.44776119402985076,0.5771144278606966,0.5174129353233831,0.5140961857379768
557,num_file_creations,dst_host_srv_serror_rate,0.5323383084577115,0.47761194029850745,0.5323383084577115,0.5140961857379768
411,logged_in,srv_rerror_rate,0.5323383084577115,0.5323383084577115,0.47761194029850745,0.5140961857379768
829,dst_host_same_srv_rate,dst_host_srv_serror_rate,0.47761194029850745,0.5024875621890548,0.5572139303482587,0.5124378109452737
613,num_outbound_cmds,srv_serror_rate,0.527363184079602,0.5074626865671642,0.5024875621890548,0.5124378109452737
729,srv_serror_rate,srv_diff_host_rate,0.4925373134328358,0.4975124378109453,0.5472636815920398,0.5124378109452736
736,srv_serror_rate,dst_host_serror_rate,0.47761194029850745,0.5373134328358209,0.5223880597014925,0.5124378109452736
104,service,rerror_rate,0.5124378109452736,0.5323383084577115,0.4925373134328358,0.5124378109452735
757,srv_rerror_rate,diff_srv_rate,0.5373134328358209,0.48756218905472637,0.5074626865671642,0.5107794361525705
714,serror_rate,dst_host_count,0.5621890547263682,0.48756218905472637,0.48258706467661694,0.5107794361525705
413,logged_in,diff_srv_rate,0.5174129353233831,0.48756218905472637,0.527363184079602,0.5107794361525705
634,is_host_login,srv_serror_rate,0.5422885572139303,0.5024875621890548,0.48756218905472637,0.5107794361525705
409,logged_in,srv_serror_rate,0.5522388059701493,0.5024875621890548,0.47761194029850745,0.5107794361525705
531,num_root,dst_host_serror_rate,0.5174129353233831,0.5024875621890548,0.5124378109452736,0.5107794361525705
492,su_attempted,serror_rate,0.5124378109452736,0.4975124378109453,0.5223880597014925,0.5107794361525705
361,hot,dst_host_srv_serror_rate,0.5223880597014925,0.5373134328358209,0.46766169154228854,0.5091210613598673
836,dst_host_diff_srv_rate,dst_host_srv_serror_rate,0.4925373134328358,0.527363184079602,0.5074626865671642,0.5091210613598673
706,srv_count,dst_host_srv_rerror_rate,0.4925373134328358,0.5870646766169154,0.44776119402985076,0.5091210613598673
75,protocol_type,dst_host_srv_diff_host_rate,0.4975124378109453,0.4925373134328358,0.5373134328358209,0.5091210613598673
68,protocol_type,diff_srv_rate,0.5024875621890548,0.48756218905472637,0.5373134328358209,0.5091210613598673
667,is_guest_login,dst_host_srv_serror_rate,0.472636815920398,0.48258706467661694,0.5671641791044776,0.5074626865671642
360,hot,dst_host_serror_rate,0.5373134328358209,0.4925373134328358,0.4925373134328358,0.5074626865671642
296,wrong_fragment,dst_host_srv_serror_rate,0.5074626865671642,0.5422885572139303,0.472636815920398,0.5074626865671642
646,is_host_login,dst_host_serror_rate,0.4626865671641791,0.5024875621890548,0.5522388059701493,0.5058043117744611
262,land,dst_host_srv_serror_rate,0.5074626865671642,0.4975124378109453,0.5124378109452736,0.5058043117744611
802,srv_diff_host_rate,dst_host_srv_serror_rate,0.527363184079602,0.5373134328358209,0.4527363184079602,0.5058043117744611
479,root_shell,dst_host_srv_serror_rate,0.4577114427860697,0.4975124378109453,0.5621890547263682,0.5058043117744611
76,protocol_type,dst_host_serror_rate,0.527363184079602,0.47761194029850745,0.5124378109452736,0.5058043117744611
828,dst_host_same_srv_rate,dst_host_serror_rate,0.5572139303482587,0.4626865671641791,0.4975124378109453,0.505804311774461
329,urgent,dst_host_srv_serror_rate,0.48756218905472637,0.5223880597014925,0.5074626865671642,0.505804311774461
214,dst_bytes,srv_serror_rate,0.5024875621890548,0.5422885572139303,0.472636815920398,0.505804311774461
543,num_file_creations,serror_rate,0.4577114427860697,0.5472636815920398,0.5074626865671642,0.5041459369817579
48,protocol_type,hot,0.5422885572139303,0.48756218905472637,0.48258706467661694,0.5041459369817579
23,duration,serror_rate,0.4975124378109453,0.4975124378109453,0.5124378109452736,0.5024875621890548
423,logged_in,dst_host_rerror_rate,0.5174129353233831,0.47761194029850745,0.5124378109452736,0.5024875621890547
787,diff_srv_rate,dst_host_diff_srv_rate,0.5223880597014925,0.43781094527363185,0.5472636815920398,0.5024875621890547
269,wrong_fragment,logged_in,0.42786069651741293,0.5124378109452736,0.5621890547263682,0.5008291873963516
581,num_shells,dst_host_srv_serror_rate,0.5174129353233831,0.4925373134328358,0.4925373134328358,0.5008291873963516
633,is_host_login,serror_rate,0.5223880597014925,0.4925373134328358,0.48756218905472637,0.5008291873963515
654,is_guest_login,srv_serror_rate,0.43781094527363185,0.5124378109452736,0.5472636815920398,0.49917081260364843
282,wrong_fragment,serror_rate,0.46766169154228854,0.5124378109452736,0.5124378109452736,0.49751243781094523
734,srv_serror_rate,dst_host_same_src_port_rate,0.5074626865671642,0.46766169154228854,0.5174129353233831,0.49751243781094523
451,num_compromised,dst_host_srv_serror_rate,0.5024875621890548,0.5024875621890548,0.48258706467661694,0.4958540630182422
842,dst_host_same_src_port_rate,dst_host_srv_serror_rate,0.4975124378109453,0.48756218905472637,0.5024875621890548,0.49585406301824214
811,dst_host_count,dst_host_serror_rate,0.4527363184079602,0.5323383084577115,0.5024875621890548,0.49585406301824214
391,num_failed_logins,dst_host_serror_rate,0.472636815920398,0.4975124378109453,0.5174129353233831,0.49585406301824214
703,srv_count,dst_host_serror_rate,0.5223880597014925,0.48756218905472637,0.47761194029850745,0.49585406301824214
505,su_attempted,dst_host_serror_rate,0.5373134328358209,0.48258706467661694,0.46766169154228854,0.49585406301824203
33,duration,dst_host_diff_srv_rate,0.4975124378109453,0.4975124378109453,0.48756218905472637,0.494195688225539
392,num_failed_logins,dst_host_srv_serror_rate,0.48756218905472637,0.5024875621890548,0.4925373134328358,0.494195688225539
478,root_shell,dst_host_serror_rate,0.48258706467661694,0.4577114427860697,0.5422885572139303,0.494195688225539
37,duration,dst_host_srv_serror_rate,0.5223880597014925,0.47761194029850745,0.48258706467661694,0.494195688225539
465,root_shell,serror_rate,0.48258706467661694,0.5024875621890548,0.4975124378109453,0.494195688225539
348,hot,srv_serror_rate,0.472636815920398,0.47761194029850745,0.5323383084577115,0.494195688225539
735,srv_serror_rate,dst_host_srv_diff_host_rate,0.4975124378109453,0.47761194029850745,0.5074626865671642,0.494195688225539
846,dst_host_srv_diff_host_rate,dst_host_serror_rate,0.5074626865671642,0.5024875621890548,0.46766169154228854,0.49253731343283585
690,srv_count,serror_rate,0.47761194029850745,0.47761194029850745,0.5223880597014925,0.49253731343283585
719,serror_rate,dst_host_srv_diff_host_rate,0.4577114427860697,0.4975124378109453,0.5223880597014925,0.49253731343283585
603,num_access_files,dst_host_serror_rate,0.48756218905472637,0.48258706467661694,0.5074626865671642,0.49253731343283585
466,root_shell,srv_serror_rate,0.48756218905472637,0.47761194029850745,0.5124378109452736,0.49253731343283585
721,serror_rate,dst_host_srv_serror_rate,0.48258706467661694,0.4975124378109453,0.4975124378109453,0.49253731343283585
378,num_failed_logins,serror_rate,0.5074626865671642,0.4527363184079602,0.5174129353233831,0.49253731343283585
226,dst_bytes,dst_host_serror_rate,0.5472636815920398,0.4975124378109453,0.43283582089552236,0.49253731343283574
801,srv_diff_host_rate,dst_host_serror_rate,0.48258706467661694,0.4527363184079602,0.5373134328358209,0.49087893864013266
248,land,serror_rate,0.5074626865671642,0.4925373134328358,0.472636815920398,0.49087893864013266
493,su_attempted,srv_serror_rate,0.40298507462686567,0.4975124378109453,0.572139303482587,0.49087893864013266
567,num_shells,serror_rate,0.4626865671641791,0.5024875621890548,0.5074626865671642,0.49087893864013266
718,serror_rate,dst_host_same_src_port_rate,0.4975124378109453,0.5074626865671642,0.46766169154228854,0.49087893864013266
851,dst_host_serror_rate,dst_host_srv_serror_rate,0.47761194029850745,0.5024875621890548,0.48756218905472637,0.48922056384742957
590,num_access_files,serror_rate,0.5422885572139303,0.472636815920398,0.4527363184079602,0.48922056384742957
730,srv_serror_rate,dst_host_count,0.4626865671641791,0.48258706467661694,0.5223880597014925,0.48922056384742946
532,num_root,dst_host_srv_serror_rate,0.5174129353233831,0.43781094527363185,0.5124378109452736,0.48922056384742946
328,urgent,dst_host_serror_rate,0.48258706467661694,0.4925373134328358,0.4925373134328358,0.48922056384742946
625,num_outbound_cmds,dst_host_serror_rate,0.5174129353233831,0.4577114427860697,0.4925373134328358,0.48922056384742946
604,num_access_files,dst_host_srv_serror_rate,0.472636815920398,0.4626865671641791,0.527363184079602,0.48756218905472637
227,dst_bytes,dst_host_srv_serror_rate,0.48258706467661694,0.48756218905472637,0.4925373134328358,0.48756218905472637
518,num_root,serror_rate,0.43781094527363185,0.5124378109452736,0.5074626865671642,0.4859038142620233
249,land,srv_serror_rate,0.472636815920398,0.4925373134328358,0.4925373134328358,0.4859038142620233
712,serror_rate,diff_srv_rate,0.4527363184079602,0.5323383084577115,0.472636815920398,0.48590381426202317
427,num_compromised,su_attempted,0.46766169154228854,0.4925373134328358,0.4925373134328358,0.4842454394693201
295,wrong_fragment,dst_host_serror_rate,0.48756218905472637,0.5074626865671642,0.4527363184079602,0.4825870646766169
708,serror_rate,srv_serror_rate,0.5024875621890548,0.4527363184079602,0.48756218905472637,0.4809286898839138
544,num_file_creations,srv_serror_rate,0.4975124378109453,0.4527363184079602,0.4925373134328358,0.48092868988391374
80,protocol_type,??,0.4527363184079602,0.5223880597014925,0.46766169154228854,0.48092868988391374
790,diff_srv_rate,dst_host_serror_rate,0.44776119402985076,0.5373134328358209,0.4577114427860697,0.48092868988391374
666,is_guest_login,dst_host_serror_rate,0.48258706467661694,0.48756218905472637,0.4626865671641791,0.4776119402985075
808,dst_host_count,dst_host_diff_srv_rate,0.5024875621890548,0.4527363184079602,0.47761194029850745,0.4776119402985075
835,dst_host_diff_srv_rate,dst_host_serror_rate,0.47761194029850745,0.4925373134328358,0.4626865671641791,0.47761194029850745
602,num_access_files,dst_host_srv_diff_host_rate,0.43781094527363185,0.5174129353233831,0.47761194029850745,0.47761194029850745
795,srv_diff_host_rate,dst_host_count,0.47761194029850745,0.4925373134328358,0.4577114427860697,0.4759535655058043
322,urgent,dst_host_count,0.46766169154228854,0.4925373134328358,0.46766169154228854,0.4759535655058043
379,num_failed_logins,srv_serror_rate,0.4925373134328358,0.4577114427860697,0.47761194029850745,0.4759535655058043
691,srv_count,srv_serror_rate,0.472636815920398,0.47761194029850745,0.47761194029850745,0.4759535655058043
472,root_shell,dst_host_count,0.42786069651741293,0.48258706467661694,0.5124378109452736,0.47429519071310117
352,hot,diff_srv_rate,0.48756218905472637,0.4527363184079602,0.48258706467661694,0.47429519071310117
740,srv_serror_rate,??,0.4975124378109453,0.4427860696517413,0.48258706467661694,0.47429519071310117
24,duration,srv_serror_rate,0.4925373134328358,0.5223880597014925,0.4079601990049751,0.47429519071310106
857,dst_host_srv_serror_rate,??,0.472636815920398,0.4577114427860697,0.48756218905472637,0.472636815920398
693,srv_count,srv_rerror_rate,0.48756218905472637,0.4527363184079602,0.47761194029850745,0.472636815920398
448,num_compromised,dst_host_same_src_port_rate,0.46766169154228854,0.46766169154228854,0.47761194029850745,0.4709784411276949
812,dst_host_count,dst_host_srv_serror_rate,0.42786069651741293,0.472636815920398,0.5124378109452736,0.4709784411276949
519,num_root,srv_serror_rate,0.48756218905472637,0.46766169154228854,0.4577114427860697,0.4709784411276949
692,srv_count,rerror_rate,0.47761194029850745,0.48756218905472637,0.4427860696517413,0.46932006633499174
759,srv_rerror_rate,dst_host_count,0.44776119402985076,0.5024875621890548,0.4577114427860697,0.46932006633499174
556,num_file_creations,dst_host_serror_rate,0.527363184079602,0.4129353233830846,0.4626865671641791,0.4676616915422886
47,protocol_type,urgent,0.48258706467661694,0.44776119402985076,0.472636815920398,0.4676616915422886
700,srv_count,dst_host_diff_srv_rate,0.48756218905472637,0.48756218905472637,0.4228855721393035,0.4660033167495854
475,root_shell,dst_host_diff_srv_rate,0.4577114427860697,0.4975124378109453,0.4427860696517413,0.4660033167495854
358,hot,dst_host_same_src_port_rate,0.4975124378109453,0.46766169154228854,0.43283582089552236,0.4660033167495854
312,urgent,is_guest_login,0.4626865671641791,0.4577114427860697,0.47761194029850745,0.4660033167495854
707,srv_count,??,0.4427860696517413,0.4626865671641791,0.4925373134328358,0.4660033167495854
716,serror_rate,dst_host_same_srv_rate,0.47761194029850745,0.48756218905472637,0.43283582089552236,0.4660033167495854
421,logged_in,dst_host_serror_rate,0.46766169154228854,0.472636815920398,0.4527363184079602,0.4643449419568823
271,wrong_fragment,root_shell,0.5174129353233831,0.3880597014925373,0.48756218905472637,0.4643449419568822
580,num_shells,dst_host_serror_rate,0.46766169154228854,0.4925373134328358,0.43283582089552236,0.4643449419568822
7,duration,urgent,0.4527363184079602,0.48258706467661694,0.4577114427860697,0.4643449419568822
449,num_compromised,dst_host_srv_diff_host_rate,0.472636815920398,0.48756218905472637,0.42786069651741293,0.4626865671641791
255,land,dst_host_count,0.47761194029850745,0.48258706467661694,0.42786069651741293,0.4626865671641791
645,is_host_login,dst_host_srv_diff_host_rate,0.44776119402985076,0.44776119402985076,0.4925373134328358,0.4626865671641791
8,duration,hot,0.4626865671641791,0.4577114427860697,0.4626865671641791,0.461028192371476
587,num_access_files,is_guest_login,0.46766169154228854,0.417910447761194,0.4975124378109453,0.4610281923714759
342,hot,num_outbound_cmds,0.47761194029850745,0.4577114427860697,0.44776119402985076,0.4610281923714759
653,is_guest_login,serror_rate,0.48756218905472637,0.43283582089552236,0.4626865671641791,0.4610281923714759
486,su_attempted,num_access_files,0.5223880597014925,0.4129353233830846,0.4427860696517413,0.4593698175787728
563,num_shells,is_host_login,0.472636815920398,0.4626865671641791,0.4427860696517413,0.4593698175787728
305,urgent,su_attempted,0.4228855721393035,0.417910447761194,0.5373134328358209,0.4593698175787728
618,num_outbound_cmds,srv_diff_host_rate,0.472636815920398,0.4577114427860697,0.44776119402985076,0.4593698175787728
459,root_shell,num_access_files,0.4577114427860697,0.44776119402985076,0.472636815920398,0.4593698175787728
515,num_root,is_guest_login,0.472636815920398,0.417910447761194,0.48756218905472637,0.4593698175787728
810,dst_host_count,dst_host_srv_diff_host_rate,0.43781094527363185,0.44776119402985076,0.4925373134328358,0.4593698175787728
353,hot,srv_diff_host_rate,0.43781094527363185,0.4577114427860697,0.48258706467661694,0.4593698175787728
624,num_outbound_cmds,dst_host_srv_diff_host_rate,0.4228855721393035,0.48258706467661694,0.46766169154228854,0.4577114427860696
860,dst_host_srv_rerror_rate,??,0.46766169154228854,0.4079601990049751,0.4975124378109453,0.4577114427860696
56,protocol_type,num_shells,0.4925373134328358,0.42786069651741293,0.4527363184079602,0.4577114427860696
815,dst_host_count,??,0.5174129353233831,0.4527363184079602,0.40298507462686567,0.4577114427860696
574,num_shells,dst_host_count,0.43283582089552236,0.48756218905472637,0.4527363184079602,0.4577114427860696
696,srv_count,srv_diff_host_rate,0.43283582089552236,0.43283582089552236,0.5074626865671642,0.4577114427860696
303,urgent,num_compromised,0.42786069651741293,0.5124378109452736,0.43283582089552236,0.4577114427860696
854,dst_host_serror_rate,??,0.4577114427860697,0.4427860696517413,0.46766169154228854,0.4560530679933665
428,num_compromised,num_root,0.4527363184079602,0.42786069651741293,0.48756218905472637,0.4560530679933665
288,wrong_fragment,srv_diff_host_rate,0.4427860696517413,0.43283582089552236,0.4925373134328358,0.4560530679933665
607,num_access_files,??,0.44776119402985076,0.43781094527363185,0.48258706467661694,0.4560530679933665
470,root_shell,diff_srv_rate,0.4527363184079602,0.43283582089552236,0.48258706467661694,0.4560530679933665
278,wrong_fragment,is_host_login,0.417910447761194,0.4626865671641791,0.48756218905472637,0.4560530679933665
513,num_root,num_outbound_cmds,0.4626865671641791,0.48756218905472637,0.4129353233830846,0.45439469320066334
652,is_guest_login,srv_count,0.4626865671641791,0.4129353233830846,0.48756218905472637,0.45439469320066334
717,serror_rate,dst_host_diff_srv_rate,0.4577114427860697,0.472636815920398,0.43283582089552236,0.45439469320066334
366,num_failed_logins,num_compromised,0.4427860696517413,0.4228855721393035,0.4925373134328358,0.45273631840796025
713,serror_rate,srv_diff_host_rate,0.48756218905472637,0.4577114427860697,0.4129353233830846,0.45273631840796025
788,diff_srv_rate,dst_host_same_src_port_rate,0.5074626865671642,0.43781094527363185,0.4129353233830846,0.45273631840796025
834,dst_host_diff_srv_rate,dst_host_srv_diff_host_rate,0.48258706467661694,0.4079601990049751,0.46766169154228854,0.45273631840796025
548,num_file_creations,diff_srv_rate,0.4626865671641791,0.44776119402985076,0.44776119402985076,0.4527363184079602
850,dst_host_srv_diff_host_rate,??,0.4626865671641791,0.43283582089552236,0.4626865671641791,0.4527363184079602
595,num_access_files,diff_srv_rate,0.472636815920398,0.4079601990049751,0.47761194029850745,0.4527363184079602
40,duration,??,0.44776119402985076,0.47761194029850745,0.43283582089552236,0.4527363184079602
664,is_guest_login,dst_host_same_src_port_rate,0.47761194029850745,0.472636815920398,0.4079601990049751,0.4527363184079602
769,srv_rerror_rate,??,0.472636815920398,0.4427860696517413,0.43781094527363185,0.45107794361525705
640,is_host_login,dst_host_count,0.4527363184079602,0.4228855721393035,0.47761194029850745,0.45107794361525705
705,srv_count,dst_host_rerror_rate,0.5124378109452736,0.3880597014925373,0.4527363184079602,0.45107794361525705
704,srv_count,dst_host_srv_serror_rate,0.46766169154228854,0.4427860696517413,0.4427860696517413,0.45107794361525705
724,serror_rate,??,0.472636815920398,0.43283582089552236,0.44776119402985076,0.45107794361525705
430,num_compromised,num_shells,0.4626865671641791,0.40298507462686567,0.48756218905472637,0.45107794361525705
611,num_outbound_cmds,srv_count,0.46766169154228854,0.4228855721393035,0.4626865671641791,0.45107794361525705
253,land,diff_srv_rate,0.43781094527363185,0.43283582089552236,0.48258706467661694,0.45107794361525705
254,land,srv_diff_host_rate,0.42786069651741293,0.47761194029850745,0.44776119402985076,0.45107794361525705
585,num_access_files,num_outbound_cmds,0.4427860696517413,0.42786069651741293,0.48258706467661694,0.45107794361525705
840,dst_host_same_src_port_rate,dst_host_srv_diff_host_rate,0.46766169154228854,0.42786069651741293,0.4527363184079602,0.4494195688225539
537,num_file_creations,num_access_files,0.472636815920398,0.43781094527363185,0.43781094527363185,0.4494195688225539
517,num_root,srv_count,0.4427860696517413,0.4577114427860697,0.44776119402985076,0.4494195688225539
566,num_shells,srv_count,0.4427860696517413,0.46766169154228854,0.43781094527363185,0.4494195688225539
442,num_compromised,diff_srv_rate,0.44776119402985076,0.4626865671641791,0.43781094527363185,0.4494195688225539
434,num_compromised,is_guest_login,0.43283582089552236,0.3781094527363184,0.5373134328358209,0.4494195688225539
389,num_failed_logins,dst_host_same_src_port_rate,0.417910447761194,0.47761194029850745,0.4527363184079602,0.4494195688225539
745,rerror_rate,dst_host_count,0.48258706467661694,0.48756218905472637,0.3781094527363184,0.4494195688225539
601,num_access_files,dst_host_same_src_port_rate,0.48258706467661694,0.4626865671641791,0.40298507462686567,0.4494195688225539
325,urgent,dst_host_diff_srv_rate,0.4577114427860697,0.43283582089552236,0.4577114427860697,0.4494195688225539
525,num_root,dst_host_count,0.4527363184079602,0.42786069651741293,0.46766169154228854,0.4494195688225539
17,duration,num_access_files,0.42786069651741293,0.417910447761194,0.5024875621890548,0.4494195688225539
74,protocol_type,dst_host_same_src_port_rate,0.44776119402985076,0.43781094527363185,0.4626865671641791,0.4494195688225539
287,wrong_fragment,diff_srv_rate,0.4079601990049751,0.5074626865671642,0.42786069651741293,0.44776119402985076
609,num_outbound_cmds,is_guest_login,0.47761194029850745,0.4129353233830846,0.4527363184079602,0.44776119402985076
274,wrong_fragment,num_file_creations,0.417910447761194,0.4527363184079602,0.472636815920398,0.4477611940298507
343,hot,is_host_login,0.472636815920398,0.42786069651741293,0.4427860696517413,0.4477611940298507
359,hot,dst_host_srv_diff_host_rate,0.373134328358209,0.5223880597014925,0.44776119402985076,0.4477611940298507
371,num_failed_logins,num_shells,0.42786069651741293,0.40298507462686567,0.5124378109452736,0.4477611940298507
814,dst_host_count,dst_host_srv_rerror_rate,0.4527363184079602,0.4577114427860697,0.43283582089552236,0.4477611940298507
333,hot,num_failed_logins,0.35323383084577115,0.5422885572139303,0.44776119402985076,0.4477611940298507
275,wrong_fragment,num_shells,0.40298507462686567,0.43781094527363185,0.4975124378109453,0.4461028192371476
237,land,root_shell,0.417910447761194,0.472636815920398,0.44776119402985076,0.4461028192371476
236,land,num_compromised,0.4228855721393035,0.42786069651741293,0.48756218905472637,0.4461028192371476
476,root_shell,dst_host_same_src_port_rate,0.43283582089552236,0.4577114427860697,0.44776119402985076,0.4461028192371476
477,root_shell,dst_host_srv_diff_host_rate,0.48258706467661694,0.43781094527363185,0.417910447761194,0.4461028192371476
511,num_root,num_shells,0.4228855721393035,0.43283582089552236,0.48258706467661694,0.4461028192371476
0,duration,protocol_type,0.4079601990049751,0.527363184079602,0.40298507462686567,0.4461028192371476
320,urgent,diff_srv_rate,0.4975124378109453,0.39303482587064675,0.4427860696517413,0.4444444444444445
268,wrong_fragment,num_failed_logins,0.4577114427860697,0.4626865671641791,0.4129353233830846,0.4444444444444445
270,wrong_fragment,num_compromised,0.4427860696517413,0.43283582089552236,0.4577114427860697,0.4444444444444445
337,hot,su_attempted,0.4427860696517413,0.472636815920398,0.417910447761194,0.4444444444444445
283,wrong_fragment,srv_serror_rate,0.44776119402985076,0.4975124378109453,0.3880597014925373,0.4444444444444445
845,dst_host_same_src_port_rate,??,0.44776119402985076,0.4577114427860697,0.42786069651741293,0.4444444444444445
233,land,hot,0.43781094527363185,0.44776119402985076,0.44776119402985076,0.4444444444444444
49,protocol_type,num_failed_logins,0.4427860696517413,0.42786069651741293,0.4626865671641791,0.4444444444444444
336,hot,root_shell,0.4427860696517413,0.46766169154228854,0.4228855721393035,0.4444444444444444
267,wrong_fragment,hot,0.40298507462686567,0.46766169154228854,0.4626865671641791,0.4444444444444444
58,protocol_type,num_outbound_cmds,0.43283582089552236,0.4626865671641791,0.43781094527363185,0.4444444444444444
304,urgent,root_shell,0.472636815920398,0.4129353233830846,0.44776119402985076,0.4444444444444444
375,num_failed_logins,is_guest_login,0.42786069651741293,0.417910447761194,0.48258706467661694,0.44278606965174133
315,urgent,serror_rate,0.4129353233830846,0.43781094527363185,0.47761194029850745,0.44278606965174133
444,num_compromised,dst_host_count,0.44776119402985076,0.417910447761194,0.4626865671641791,0.44278606965174133
809,dst_host_count,dst_host_same_src_port_rate,0.4577114427860697,0.43781094527363185,0.43283582089552236,0.44278606965174133
311,urgent,is_host_login,0.44776119402985076,0.44776119402985076,0.43283582089552236,0.44278606965174133
658,is_guest_login,diff_srv_rate,0.44776119402985076,0.5124378109452736,0.3681592039800995,0.44278606965174133
429,num_compromised,num_file_creations,0.48756218905472637,0.39303482587064675,0.44776119402985076,0.44278606965174133
384,num_failed_logins,srv_diff_host_rate,0.4626865671641791,0.42786069651741293,0.43781094527363185,0.44278606965174133
321,urgent,srv_diff_host_rate,0.4079601990049751,0.48258706467661694,0.43781094527363185,0.44278606965174133
638,is_host_login,diff_srv_rate,0.4228855721393035,0.43283582089552236,0.472636815920398,0.44278606965174133
300,urgent,hot,0.42786069651741293,0.48756218905472637,0.4129353233830846,0.44278606965174133
340,hot,num_shells,0.48756218905472637,0.4626865671641791,0.373134328358209,0.44112769485903813
368,num_failed_logins,su_attempted,0.43781094527363185,0.42786069651741293,0.4577114427860697,0.44112769485903813
354,hot,dst_host_count,0.43781094527363185,0.4129353233830846,0.472636815920398,0.44112769485903813
372,num_failed_logins,num_access_files,0.4427860696517413,0.43283582089552236,0.44776119402985076,0.44112769485903813
670,is_guest_login,??,0.4577114427860697,0.3582089552238806,0.5074626865671642,0.44112769485903813
528,num_root,dst_host_diff_srv_rate,0.4626865671641791,0.44776119402985076,0.4129353233830846,0.44112769485903813
35,duration,dst_host_srv_diff_host_rate,0.4527363184079602,0.43781094527363185,0.43283582089552236,0.44112769485903813
338,hot,num_root,0.39303482587064675,0.4975124378109453,0.43283582089552236,0.44112769485903813
660,is_guest_login,dst_host_count,0.4925373134328358,0.4427860696517413,0.3880597014925373,0.44112769485903813
619,num_outbound_cmds,dst_host_count,0.417910447761194,0.4427860696517413,0.4626865671641791,0.44112769485903813
335,hot,num_compromised,0.4427860696517413,0.4427860696517413,0.43781094527363185,0.44112769485903813
443,num_compromised,srv_diff_host_rate,0.4427860696517413,0.4626865671641791,0.417910447761194,0.44112769485903813
289,wrong_fragment,dst_host_count,0.44776119402985076,0.4427860696517413,0.42786069651741293,0.43946932006633505
299,wrong_fragment,??,0.4228855721393035,0.44776119402985076,0.44776119402985076,0.43946932006633505
327,urgent,dst_host_srv_diff_host_rate,0.44776119402985076,0.44776119402985076,0.4228855721393035,0.43946932006633505
29,duration,srv_diff_host_rate,0.4626865671641791,0.40298507462686567,0.4527363184079602,0.43946932006633505
385,num_failed_logins,dst_host_count,0.43283582089552236,0.417910447761194,0.46766169154228854,0.43946932006633493
471,root_shell,srv_diff_host_rate,0.4129353233830846,0.43283582089552236,0.472636815920398,0.43946932006633493
15,duration,num_file_creations,0.40298507462686567,0.4228855721393035,0.4925373134328358,0.43946932006633493
617,num_outbound_cmds,diff_srv_rate,0.5124378109452736,0.4079601990049751,0.39800995024875624,0.43946932006633493
784,diff_srv_rate,dst_host_count,0.43283582089552236,0.3880597014925373,0.4975124378109453,0.43946932006633493
555,num_file_creations,dst_host_srv_diff_host_rate,0.4626865671641791,0.4527363184079602,0.39800995024875624,0.43781094527363185
73,protocol_type,dst_host_diff_srv_rate,0.4626865671641791,0.42786069651741293,0.4228855721393035,0.43781094527363185
799,srv_diff_host_rate,dst_host_same_src_port_rate,0.43283582089552236,0.46766169154228854,0.4129353233830846,0.43781094527363185
339,hot,num_file_creations,0.39800995024875624,0.472636815920398,0.4427860696517413,0.43781094527363185
383,num_failed_logins,diff_srv_rate,0.42786069651741293,0.4626865671641791,0.4228855721393035,0.43781094527363185
30,duration,dst_host_count,0.4577114427860697,0.4228855721393035,0.43283582089552236,0.43781094527363185
755,rerror_rate,??,0.4527363184079602,0.4228855721393035,0.43781094527363185,0.43781094527363185
659,is_guest_login,srv_diff_host_rate,0.40298507462686567,0.4626865671641791,0.4427860696517413,0.43615257048092876
242,land,num_access_files,0.46766169154228854,0.3482587064676617,0.4925373134328358,0.43615257048092876
346,hot,srv_count,0.4577114427860697,0.4079601990049751,0.4427860696517413,0.43615257048092876
51,protocol_type,num_compromised,0.4228855721393035,0.417910447761194,0.46766169154228854,0.43615257048092876
46,protocol_type,wrong_fragment,0.417910447761194,0.4228855721393035,0.46766169154228854,0.43615257048092876
344,hot,is_guest_login,0.43781094527363185,0.43781094527363185,0.43283582089552236,0.43615257048092865
596,num_access_files,srv_diff_host_rate,0.39800995024875624,0.48756218905472637,0.4228855721393035,0.43615257048092865
367,num_failed_logins,root_shell,0.4079601990049751,0.38308457711442784,0.5174129353233831,0.43615257048092865
293,wrong_fragment,dst_host_same_src_port_rate,0.417910447761194,0.46766169154228854,0.4228855721393035,0.43615257048092865
431,num_compromised,num_access_files,0.46766169154228854,0.4129353233830846,0.4228855721393035,0.43449419568822556
577,num_shells,dst_host_diff_srv_rate,0.4427860696517413,0.43283582089552236,0.42786069651741293,0.43449419568822556
622,num_outbound_cmds,dst_host_diff_srv_rate,0.4228855721393035,0.4129353233830846,0.46766169154228854,0.43449419568822556
458,root_shell,num_shells,0.4427860696517413,0.4228855721393035,0.43781094527363185,0.43449419568822556
260,land,dst_host_srv_diff_host_rate,0.417910447761194,0.4626865671641791,0.4228855721393035,0.43449419568822556
308,urgent,num_shells,0.4577114427860697,0.4129353233830846,0.43283582089552236,0.43449419568822556
301,urgent,num_failed_logins,0.47761194029850745,0.43283582089552236,0.39303482587064675,0.43449419568822556
629,num_outbound_cmds,??,0.4527363184079602,0.40298507462686567,0.4427860696517413,0.43283582089552236
279,wrong_fragment,is_guest_login,0.42786069651741293,0.4079601990049751,0.4626865671641791,0.43283582089552236
19,duration,is_host_login,0.4577114427860697,0.44776119402985076,0.39303482587064675,0.43283582089552236
54,protocol_type,num_root,0.39800995024875624,0.48756218905472637,0.4129353233830846,0.43283582089552236
57,protocol_type,num_access_files,0.4228855721393035,0.48258706467661694,0.39303482587064675,0.43283582089552236
18,duration,num_outbound_cmds,0.4228855721393035,0.417910447761194,0.4577114427860697,0.43283582089552236
294,wrong_fragment,dst_host_srv_diff_host_rate,0.39303482587064675,0.4427860696517413,0.4626865671641791,0.43283582089552236
370,num_failed_logins,num_file_creations,0.4577114427860697,0.39800995024875624,0.43781094527363185,0.4311774461028193
701,srv_count,dst_host_same_src_port_rate,0.4577114427860697,0.39800995024875624,0.43781094527363185,0.4311774461028193
572,num_shells,diff_srv_rate,0.44776119402985076,0.39303482587064675,0.4527363184079602,0.4311774461028193
560,num_file_creations,??,0.4228855721393035,0.4577114427860697,0.4129353233830846,0.4311774461028193
461,root_shell,is_host_login,0.4577114427860697,0.4228855721393035,0.4129353233830846,0.4311774461028193
259,land,dst_host_same_src_port_rate,0.417910447761194,0.39800995024875624,0.47761194029850745,0.4311774461028193
632,is_host_login,srv_count,0.4079601990049751,0.44776119402985076,0.43781094527363185,0.4311774461028192
562,num_shells,num_outbound_cmds,0.4527363184079602,0.4527363184079602,0.3880597014925373,0.4311774461028192
578,num_shells,dst_host_same_src_port_rate,0.3880597014925373,0.472636815920398,0.43283582089552236,0.4311774461028192
484,su_attempted,num_file_creations,0.4079601990049751,0.47761194029850745,0.4079601990049751,0.4311774461028192
489,su_attempted,is_guest_login,0.4228855721393035,0.417910447761194,0.44776119402985076,0.4295190713101161
12,duration,root_shell,0.4228855721393035,0.43283582089552236,0.43283582089552236,0.4295190713101161
512,num_root,num_access_files,0.4129353233830846,0.4129353233830846,0.4626865671641791,0.4295190713101161
504,su_attempted,dst_host_srv_diff_host_rate,0.4577114427860697,0.4228855721393035,0.4079601990049751,0.4295190713101161
813,dst_host_count,dst_host_rerror_rate,0.4577114427860697,0.44776119402985076,0.38308457711442784,0.4295190713101161
487,su_attempted,num_outbound_cmds,0.417910447761194,0.42786069651741293,0.4427860696517413,0.429519071310116
800,srv_diff_host_rate,dst_host_srv_diff_host_rate,0.3880597014925373,0.48258706467661694,0.4129353233830846,0.427860696517413
586,num_access_files,is_host_login,0.417910447761194,0.3681592039800995,0.4975124378109453,0.42786069651741293
11,duration,num_compromised,0.4527363184079602,0.39303482587064675,0.43781094527363185,0.42786069651741293
377,num_failed_logins,srv_count,0.42786069651741293,0.46766169154228854,0.3880597014925373,0.42786069651741293
16,duration,num_shells,0.3781094527363184,0.42786069651741293,0.47761194029850745,0.42786069651741293
277,wrong_fragment,num_outbound_cmds,0.3880597014925373,0.44776119402985076,0.44776119402985076,0.42786069651741293
426,num_compromised,root_shell,0.4427860696517413,0.4129353233830846,0.42786069651741293,0.42786069651741293
59,protocol_type,is_host_login,0.4079601990049751,0.44776119402985076,0.4228855721393035,0.4262023217247098
309,urgent,num_access_files,0.48258706467661694,0.3781094527363184,0.417910447761194,0.4262023217247098
28,duration,diff_srv_rate,0.38308457711442784,0.4427860696517413,0.4527363184079602,0.4262023217247098
589,num_access_files,srv_count,0.4228855721393035,0.40298507462686567,0.4527363184079602,0.4262023217247098
60,protocol_type,is_guest_login,0.39800995024875624,0.3681592039800995,0.5124378109452736,0.4262023217247098
13,duration,su_attempted,0.4527363184079602,0.4079601990049751,0.417910447761194,0.4262023217247098
234,land,num_failed_logins,0.44776119402985076,0.3582089552238806,0.472636815920398,0.4262023217247098
630,is_host_login,is_guest_login,0.39800995024875624,0.4427860696517413,0.43781094527363185,0.4262023217247098
9,duration,num_failed_logins,0.3880597014925373,0.4527363184079602,0.43781094527363185,0.4262023217247098
276,wrong_fragment,num_access_files,0.42786069651741293,0.44776119402985076,0.40298507462686567,0.4262023217247098
357,hot,dst_host_diff_srv_rate,0.4129353233830846,0.4129353233830846,0.4527363184079602,0.4262023217247098
523,num_root,diff_srv_rate,0.4228855721393035,0.3880597014925373,0.46766169154228854,0.4262023217247098
524,num_root,srv_diff_host_rate,0.43781094527363185,0.42786069651741293,0.4129353233830846,0.4262023217247098
498,su_attempted,srv_diff_host_rate,0.39800995024875624,0.44776119402985076,0.43283582089552236,0.4262023217247098
373,num_failed_logins,num_outbound_cmds,0.42786069651741293,0.472636815920398,0.3781094527363184,0.4262023217247098
538,num_file_creations,num_outbound_cmds,0.4527363184079602,0.417910447761194,0.4079601990049751,0.42620232172470973
530,num_root,dst_host_srv_diff_host_rate,0.4527363184079602,0.3781094527363184,0.4427860696517413,0.42454394693200664
643,is_host_login,dst_host_diff_srv_rate,0.43283582089552236,0.42786069651741293,0.4129353233830846,0.42454394693200664
502,su_attempted,dst_host_diff_srv_rate,0.4427860696517413,0.44776119402985076,0.38308457711442784,0.42454394693200664
608,num_outbound_cmds,is_host_login,0.4079601990049751,0.4129353233830846,0.4527363184079602,0.42454394693200664
369,num_failed_logins,num_root,0.4129353233830846,0.4079601990049751,0.4527363184079602,0.42454394693200664
432,num_compromised,num_outbound_cmds,0.3781094527363184,0.43283582089552236,0.4626865671641791,0.42454394693200664
665,is_guest_login,dst_host_srv_diff_host_rate,0.4228855721393035,0.40298507462686567,0.44776119402985076,0.42454394693200664
491,su_attempted,srv_count,0.4925373134328358,0.36318407960199006,0.417910447761194,0.42454394693200664
663,is_guest_login,dst_host_diff_srv_rate,0.4079601990049751,0.43781094527363185,0.42786069651741293,0.42454394693200664
650,is_host_login,??,0.373134328358209,0.48258706467661694,0.417910447761194,0.42454394693200664
231,land,wrong_fragment,0.39303482587064675,0.40298507462686567,0.472636815920398,0.42288557213930345
433,num_compromised,is_host_login,0.4577114427860697,0.40298507462686567,0.4079601990049751,0.42288557213930345
281,wrong_fragment,srv_count,0.4228855721393035,0.4129353233830846,0.43283582089552236,0.42288557213930345
540,num_file_creations,is_guest_login,0.40298507462686567,0.4228855721393035,0.4427860696517413,0.42288557213930345
52,protocol_type,root_shell,0.43283582089552236,0.40298507462686567,0.43283582089552236,0.42288557213930345
456,root_shell,num_root,0.40298507462686567,0.43283582089552236,0.42786069651741293,0.42122719734660036
314,urgent,srv_count,0.4577114427860697,0.4129353233830846,0.39303482587064675,0.42122719734660036
539,num_file_creations,is_host_login,0.4228855721393035,0.43781094527363185,0.40298507462686567,0.42122719734660036
783,diff_srv_rate,srv_diff_host_rate,0.36318407960199006,0.46766169154228854,0.43283582089552236,0.42122719734660036
292,wrong_fragment,dst_host_diff_srv_rate,0.4527363184079602,0.42786069651741293,0.38308457711442784,0.42122719734660036
447,num_compromised,dst_host_diff_srv_rate,0.417910447761194,0.39800995024875624,0.44776119402985076,0.42122719734660036
436,num_compromised,srv_count,0.39800995024875624,0.39800995024875624,0.4626865671641791,0.4195688225538972
239,land,num_root,0.472636815920398,0.417910447761194,0.3681592039800995,0.4195688225538972
503,su_attempted,dst_host_same_src_port_rate,0.4228855721393035,0.40298507462686567,0.43283582089552236,0.41956882255389716
273,wrong_fragment,num_root,0.42786069651741293,0.4079601990049751,0.4228855721393035,0.41956882255389716
644,is_host_login,dst_host_same_src_port_rate,0.4079601990049751,0.417910447761194,0.43283582089552236,0.41956882255389716
510,num_root,num_file_creations,0.42786069651741293,0.43283582089552236,0.39800995024875624,0.41956882255389716
462,root_shell,is_guest_login,0.42786069651741293,0.4228855721393035,0.4079601990049751,0.41956882255389716
536,num_file_creations,num_shells,0.39303482587064675,0.4427860696517413,0.4228855721393035,0.41956882255389716
529,num_root,dst_host_same_src_port_rate,0.4925373134328358,0.39303482587064675,0.3681592039800995,0.41791044776119407
488,su_attempted,is_host_login,0.4527363184079602,0.3383084577114428,0.4626865671641791,0.41791044776119407
341,hot,num_access_files,0.4129353233830846,0.48258706467661694,0.3582089552238806,0.41791044776119407
244,land,is_host_login,0.42786069651741293,0.3781094527363184,0.44776119402985076,0.41791044776119407
564,num_shells,is_guest_login,0.46766169154228854,0.40298507462686567,0.38308457711442784,0.41791044776119396
238,land,su_attempted,0.4427860696517413,0.42786069651741293,0.3781094527363184,0.41625207296849087
597,num_access_files,dst_host_count,0.38308457711442784,0.3880597014925373,0.47761194029850745,0.41625207296849087
232,land,urgent,0.3880597014925373,0.4527363184079602,0.4079601990049751,0.41625207296849087
554,num_file_creations,dst_host_same_src_port_rate,0.46766169154228854,0.38308457711442784,0.39800995024875624,0.41625207296849087
5,duration,land,0.44776119402985076,0.417910447761194,0.38308457711442784,0.41625207296849087
272,wrong_fragment,su_attempted,0.36318407960199006,0.43781094527363185,0.44776119402985076,0.41625207296849087
695,srv_count,diff_srv_rate,0.44776119402985076,0.4427860696517413,0.3582089552238806,0.41625207296849087
464,root_shell,srv_count,0.40298507462686567,0.44776119402985076,0.39800995024875624,0.41625207296849087
457,root_shell,num_file_creations,0.3681592039800995,0.46766169154228854,0.4079601990049751,0.4145936981757877
332,urgent,??,0.4079601990049751,0.42786069651741293,0.4079601990049751,0.4145936981757877
553,num_file_creations,dst_host_diff_srv_rate,0.46766169154228854,0.39800995024875624,0.373134328358209,0.4129353233830846
69,protocol_type,srv_diff_host_rate,0.4129353233830846,0.3681592039800995,0.4577114427860697,0.4129353233830846
839,dst_host_diff_srv_rate,??,0.4228855721393035,0.3781094527363184,0.43781094527363185,0.4129353233830846
266,wrong_fragment,urgent,0.4427860696517413,0.373134328358209,0.4228855721393035,0.4129353233830846
514,num_root,is_host_login,0.4577114427860697,0.4079601990049751,0.373134328358209,0.4129353233830846
561,num_shells,num_access_files,0.4427860696517413,0.373134328358209,0.417910447761194,0.4112769485903815
62,protocol_type,srv_count,0.4427860696517413,0.39303482587064675,0.39800995024875624,0.4112769485903814
805,srv_diff_host_rate,??,0.40298507462686567,0.39303482587064675,0.43781094527363185,0.4112769485903814
53,protocol_type,su_attempted,0.3582089552238806,0.4527363184079602,0.4228855721393035,0.4112769485903814
485,su_attempted,num_shells,0.42786069651741293,0.40298507462686567,0.40298507462686567,0.4112769485903814
243,land,num_outbound_cmds,0.3333333333333333,0.46766169154228854,0.42786069651741293,0.4096185737976783
623,num_outbound_cmds,dst_host_same_src_port_rate,0.417910447761194,0.4427860696517413,0.3681592039800995,0.4096185737976783
497,su_attempted,diff_srv_rate,0.4228855721393035,0.39303482587064675,0.4129353233830846,0.4096185737976783
482,root_shell,??,0.4129353233830846,0.373134328358209,0.4427860696517413,0.4096185737976783
509,su_attempted,??,0.39303482587064675,0.3781094527363184,0.4527363184079602,0.4079601990049751
307,urgent,num_file_creations,0.4129353233830846,0.3880597014925373,0.4228855721393035,0.4079601990049751
542,num_file_creations,srv_count,0.4129353233830846,0.4079601990049751,0.40298507462686567,0.4079601990049751
702,srv_count,dst_host_srv_diff_host_rate,0.42786069651741293,0.4129353233830846,0.3781094527363184,0.406301824212272
455,root_shell,su_attempted,0.36318407960199006,0.4228855721393035,0.43283582089552236,0.40630182421227196
573,num_shells,srv_diff_host_rate,0.39303482587064675,0.36318407960199006,0.4626865671641791,0.40630182421227196
310,urgent,num_outbound_cmds,0.38308457711442784,0.417910447761194,0.4129353233830846,0.4046434494195688
20,duration,is_guest_login,0.39800995024875624,0.39800995024875624,0.417910447761194,0.4046434494195688
55,protocol_type,num_file_creations,0.3880597014925373,0.4228855721393035,0.40298507462686567,0.4046434494195688
550,num_file_creations,dst_host_count,0.39800995024875624,0.38308457711442784,0.43283582089552236,0.4046434494195688
390,num_failed_logins,dst_host_srv_diff_host_rate,0.38308457711442784,0.43781094527363185,0.39303482587064675,0.40464344941956876
549,num_file_creations,srv_diff_host_rate,0.3482587064676617,0.4427860696517413,0.417910447761194,0.4029850746268657
14,duration,num_root,0.42786069651741293,0.39800995024875624,0.38308457711442784,0.40298507462686567
258,land,dst_host_diff_srv_rate,0.4129353233830846,0.3781094527363184,0.4129353233830846,0.4013266998341625
639,is_host_login,srv_diff_host_rate,0.3880597014925373,0.4427860696517413,0.373134328358209,0.4013266998341625
34,duration,dst_host_same_src_port_rate,0.40298507462686567,0.3880597014925373,0.4129353233830846,0.4013266998341625
579,num_shells,dst_host_srv_diff_host_rate,0.417910447761194,0.39303482587064675,0.3880597014925373,0.3996683250414594
460,root_shell,num_outbound_cmds,0.4129353233830846,0.3681592039800995,0.417910447761194,0.3996683250414594
45,protocol_type,land,0.43283582089552236,0.373134328358209,0.39303482587064675,0.3996683250414594
454,num_compromised,??,0.3582089552238806,0.4129353233830846,0.42786069651741293,0.3996683250414594
499,su_attempted,dst_host_count,0.43283582089552236,0.38308457711442784,0.373134328358209,0.3963515754560531
374,num_failed_logins,is_host_login,0.39303482587064675,0.417910447761194,0.3781094527363184,0.3963515754560531
859,dst_host_rerror_rate,??,0.4129353233830846,0.3880597014925373,0.3880597014925373,0.3963515754560531
364,hot,??,0.39303482587064675,0.39800995024875624,0.39800995024875624,0.3963515754560531
245,land,is_guest_login,0.4129353233830846,0.38308457711442784,0.39303482587064675,0.396351575456053
584,num_shells,??,0.35323383084577115,0.417910447761194,0.417910447761194,0.396351575456053
240,land,num_file_creations,0.39303482587064675,0.39800995024875624,0.39303482587064675,0.39469320066334995
388,num_failed_logins,dst_host_diff_srv_rate,0.4626865671641791,0.3582089552238806,0.36318407960199006,0.3946932006633499
483,su_attempted,num_root,0.38308457711442784,0.39303482587064675,0.40298507462686567,0.3930348258706468
395,num_failed_logins,??,0.4228855721393035,0.4079601990049751,0.3482587064676617,0.3930348258706468
241,land,num_shells,0.40298507462686567,0.4129353233830846,0.3582089552238806,0.3913764510779436
535,num_root,??,0.4079601990049751,0.39303482587064675,0.3681592039800995,0.3897180762852404
600,num_access_files,dst_host_diff_srv_rate,0.3781094527363184,0.36318407960199006,0.4228855721393035,0.3880597014925373
789,diff_srv_rate,dst_host_srv_diff_host_rate,0.4129353233830846,0.38308457711442784,0.3681592039800995,0.38805970149253727
306,urgent,num_root,0.4228855721393035,0.34328358208955223,0.39303482587064675,0.38640132669983424
22,duration,srv_count,0.34328358208955223,0.43781094527363185,0.3781094527363184,0.3864013266998341
794,diff_srv_rate,??,0.42786069651741293,0.3681592039800995,0.35323383084577115,0.38308457711442784
265,land,??,0.39800995024875624,0.39303482587064675,0.3582089552238806,0.38308457711442784
798,srv_diff_host_rate,dst_host_diff_srv_rate,0.3781094527363184,0.4079601990049751,0.3582089552238806,0.3814262023217247
247,land,srv_count,0.3681592039800995,0.3880597014925373,0.38308457711442784,0.37976782752902155
326,urgent,dst_host_same_src_port_rate,0.3333333333333333,0.40298507462686567,0.40298507462686567,0.37976782752902155
6,duration,wrong_fragment,0.36318407960199006,0.3333333333333333,0.3482587064676617,0.34825870646766166
